# ProBuilder 6.0.5
# https://unity3d.com/unity/features/worldbuilding/probuilder
# 07/12/2025 02:49:31 p. m.

mtllib ./Base_Switch.mtl
o Base_Switch

g Base_Switch
v -0.03 0.046 0.0035
v -0.03 -0.04589 0.0035
v -0.03 0.046 -0.0035
v -0.03 -0.04589 -0.0035
v -0.02589 -0.05 0.0035
v 0.02589 -0.05 0.0035
v -0.02589 -0.05 -0.0035
v 0.02589 -0.05 -0.0035
v 0.03 -0.04589 0.0035
v 0.03 0.04589 0.0035
v 0.03 -0.04589 -0.0035
v 0.03 0.04589 -0.0035
v 0.02589 0.05 0.0035
v -0.026 0.05 0.0035
v 0.02589 0.05 -0.0035
v -0.026 0.05 -0.0035
v -0.02929289 0.04770711 -0.0035
v -0.02929289 0.04770711 0.0035
v -0.02770711 0.04929289 -0.0035
v -0.02770711 0.04929289 0.0035
v 0.02922218 0.04776782 0.0035
v 0.02922218 0.04776782 -0.0035
v 0.02776782 0.04922218 0.0035
v 0.02776782 0.04922218 -0.0035
v 0.02776782 -0.04922218 0.0035
v 0.02776782 -0.04922218 -0.0035
v 0.02922218 -0.04776782 0.0035
v 0.02922218 -0.04776782 -0.0035
v -0.02922218 -0.04776782 0.0035
v -0.02922218 -0.04776782 -0.0035
v -0.02776782 -0.04922218 0.0035
v -0.02776782 -0.04922218 -0.0035

vt 0.096 0.993
vt 0.00411 0.993
vt 0.096 1
vt 0.00411 1
vt 0.05589 0.993
vt 0.05589 1
vt 0.09589 0.993
vt 0.09589 1
vt 0.001 1
vt 0.001 0.993
vt 0.003242641 1
vt 0.003242641 0.993
vt 0 1
vt 0 0.993
vt 0.001847753 1
vt 0.001847753 0.993
vt 0.002032534 1
vt 0.002032534 0.993
vt 0.1 0.94411
vt 0.09922218 0.9422322
vt 0.09776781 0.9407778
vt 0.09589 0.9400001
vt 0.004110001 0.9400001
vt 0.002232183 0.9407778
vt 0.0007778183 0.9422322
vt 0 0.94411
vt 0 0.9960001
vt 0.0007071048 0.9977071
vt 0.002292894 0.9992929
vt 0.003999997 1
vt 0.09776781 0.9992222
vt 0.09922218 0.9977679
vt 0.1 0.99589
vt 0.1 0.9960001
vt 0 0.99589

vn -1 0 0
vn 0 -1 0
vn 1 0 0
vn 0 1 0
vn -0.7071064 0.7071072 0
vn -0.9238793 0.3826841 0
vn -0.3826842 0.9238792 0
vn 0.7071068 0.7071068 0
vn 0.7071068 -0.7071068 0
vn -0.7071068 -0.7071068 0
vn 0.382684 0.9238793 0
vn 0.9238794 0.3826836 0
vn 0.9238798 -0.3826829 0
vn 0.3826836 -0.9238794 0
vn -0.9238798 -0.3826829 0
vn -0.3826836 -0.9238794 0
vn 0 0 -0.5
vn 0 0 0
vn 0 0 -0.6666667
vn 0 0 -1
vn 0 0 -0.7142857
vn 0 0 -0.6
vn 0 0 -0.75
vn 0 0 0.6666667
vn 0 0 1
vn 0 0 0.5
vn 0 0 0.7142857
vn 0 0 0.75
vn 0 0 0.6

usemtl Grey_Base
f 32/32/18 30/31/18 4/8/22
f 7/33/23 32/32/18 4/8/22
f 28/21/19 26/20/18 8/19/17
f 8/19/17 7/33/23 28/21/19
f 28/21/19 7/33/23 11/22/20
f 7/33/23 4/8/22 11/22/20
f 12/23/21 11/22/20 4/8/22
f 3/30/19 12/23/21 4/8/22
f 3/30/19 17/29/18 19/28/19
f 12/23/21 3/30/19 19/28/19
f 12/23/21 24/25/18 22/24/18
f 24/25/18 12/23/21 15/26/17
f 16/27/20 15/26/17 12/23/21
f 12/23/21 19/28/19 16/27/20
f 14/34/25 20/32/24 10/22/27
f 10/22/27 13/19/26 14/34/25
f 13/19/26 10/22/27 23/20/18
f 21/21/18 23/20/18 10/22/27
f 20/32/24 1/3/24 10/22/27
f 20/32/24 18/31/18 1/3/24
f 2/4/29 10/22/27 1/3/24
f 2/4/29 9/23/25 10/22/27
f 9/23/25 2/4/29 5/35/28
f 9/23/25 5/35/28 27/24/24
f 27/24/24 5/35/28 6/26/26
f 6/26/26 25/25/18 27/24/24
f 2/4/29 31/28/18 5/35/28
f 2/4/29 29/29/18 31/28/18
f 4/4/1 2/2/1 1/1/1
f 1/1/1 3/3/1 4/4/1
f 8/4/2 6/2/2 5/5/2
f 5/5/2 7/6/2 8/4/2
f 12/4/3 10/2/3 9/7/3
f 9/7/3 11/8/3 12/4/3
f 16/4/4 14/2/4 13/5/4
f 13/5/4 15/6/4 16/4/4
f 19/11/5 17/9/5 18/10/5
f 18/10/5 20/12/5 19/11/5
f 17/15/6 3/13/6 1/14/6
f 1/14/6 18/16/6 17/15/6
f 20/14/7 14/16/7 16/15/7
f 16/15/7 19/13/7 20/14/7
f 23/10/8 21/12/8 22/11/8
f 22/11/8 24/9/8 23/10/8
f 27/10/9 25/12/9 26/11/9
f 26/11/9 28/9/9 27/10/9
f 31/10/10 29/12/10 30/11/10
f 30/11/10 32/9/10 31/10/10
f 24/17/11 15/13/11 13/14/11
f 13/14/11 23/18/11 24/17/11
f 21/14/12 10/18/12 12/17/12
f 12/17/12 22/13/12 21/14/12
f 28/17/13 11/13/13 9/14/13
f 9/14/13 27/18/13 28/17/13
f 25/14/14 6/18/14 8/17/14
f 8/17/14 26/13/14 25/14/14
f 29/14/15 2/18/15 4/17/15
f 4/17/15 30/13/15 29/14/15
f 32/17/16 7/13/16 5/14/16
f 5/14/16 31/18/16 32/17/16

g ButtonBase
v -0.015 1.935176E-09 -0.004882814
v -0.015 7.710229E-10 -0.002929689
v -0.01385819 -0.005740252 -0.004882815
v -0.01385819 -0.005740253 -0.002929688
v -0.0106066 -0.0106066 -0.004882815
v -0.0106066 -0.0106066 -0.002929689
v -0.005740249 -0.0138582 -0.004882815
v -0.005740249 -0.0138582 -0.002929689
v 1.78814E-09 -0.01500001 -0.004882814
v 1.78814E-09 -0.01500001 -0.002929689
v 0.005740254 -0.0138582 -0.004882815
v 0.005740254 -0.0138582 -0.002929689
v 0.0106066 -0.01060661 -0.004882815
v 0.0106066 -0.01060661 -0.002929689
v 0.0138582 -0.005740256 -0.004882815
v 0.0138582 -0.005740257 -0.002929688
v 0.015 -4.769483E-10 -0.004882814
v 0.015 -1.408271E-09 -0.002929689
v 0.01385819 0.005740252 -0.004882815
v 0.01385819 0.005740251 -0.002929689
v 0.0106066 0.0106066 -0.004882815
v 0.0106066 0.0106066 -0.002929688
v 0.005740252 0.0138582 -0.004882815
v 0.005740252 0.0138582 -0.002929689
v -1.78814E-09 0.01500001 -0.004882814
v -1.78814E-09 0.015 -0.002929689
v -0.005740256 0.0138582 -0.004882815
v -0.005740256 0.0138582 -0.002929689
v -0.0106066 0.01060661 -0.004882815
v -0.0106066 0.01060661 -0.002929688
v -0.0138582 0.005740255 -0.004882815
v -0.0138582 0.005740255 -0.002929689
v -0.01012525 1.819722E-09 -0.004882818
v -1.563061E-16 1.311191E-09 0.0009765628
v -0.009354516 -0.003874769 -0.004882819
v -0.007159634 -0.007159641 -0.004882819
v -0.003874765 -0.009354525 -0.004882819
v 1.207025E-09 -0.01012526 -0.004882819
v 0.003874767 -0.009354526 -0.004882819
v 0.007159634 -0.007159642 -0.004882819
v 0.009354517 -0.003874772 -0.004882819
v 0.01012525 1.041664E-10 -0.004882818
v 0.009354516 0.003874771 -0.004882819
v 0.007159635 0.007159642 -0.004882819
v 0.003874767 0.009354526 -0.004882819
v -1.207026E-09 0.01012527 -0.004882819
v -0.003874771 0.009354527 -0.004882819
v -0.007159635 0.007159646 -0.004882819
v -0.009354517 0.003874773 -0.004882819
v 0.008887932 -0.00888794 -0.004882818
v 0.01161265 -0.00481012 -0.004882819
v 0.004810117 -0.01161266 -0.004882818
v 0.01256943 -1.872028E-10 -0.004882817
v 0.01161265 0.004810118 -0.004882818
v 0.008887934 0.008887938 -0.004882819
v 0.004810116 0.01161266 -0.004882818
v -1.498395E-09 0.01256945 -0.004882818
v -0.004810121 0.01161266 -0.004882818
v -0.008887932 0.008887943 -0.004882819
v -0.01161265 0.004810121 -0.004882818
v -0.01256943 1.878261E-09 -0.004882817
v -0.01161265 -0.004810117 -0.004882819
v -0.00888793 -0.008887938 -0.004882818
v -0.004810114 -0.01161266 -0.004882818
v 1.498395E-09 -0.01256945 -0.004882818
v 0.008416578 -0.00841659 -0.007462701
v 0.01099679 -0.004555027 -0.007462701
v 0.006779937 -0.006779949 -0.007462702
v 0.00885842 -0.003669283 -0.007462702
v 0.004555022 -0.01099681 -0.0074627
v 0.003669276 -0.008858432 -0.007462702
v 0.01190284 -4.152841E-10 -0.0074627
v 0.00958828 -1.393675E-10 -0.007462701
v 0.01099679 0.004555025 -0.007462701
v 0.008858419 0.003669281 -0.007462702
v 0.00841658 0.008416588 -0.007462701
v 0.006779939 0.006779948 -0.007462702
v 0.004555021 0.01099681 -0.007462701
v 0.003669276 0.008858432 -0.007462702
v -1.418931E-09 0.01190286 -0.0074627
v -1.143014E-09 0.009588298 -0.007462702
v -0.004555028 0.01099681 -0.007462701
v -0.00366928 0.008858433 -0.007462702
v -0.008416578 0.008416593 -0.007462701
v -0.006779938 0.006779951 -0.007462702
v -0.01099679 0.004555027 -0.007462701
v -0.00885842 0.003669283 -0.007462702
v -0.01190284 1.491251E-09 -0.0074627
v -0.009588282 1.448164E-09 -0.007462701
v -0.01099679 -0.004555025 -0.007462701
v -0.008858419 -0.003669281 -0.007462702
v -0.008416576 -0.008416588 -0.007462701
v -0.006779937 -0.006779947 -0.007462702
v -0.004555018 -0.01099681 -0.0074627
v -0.003669274 -0.008858431 -0.007462702
v 1.418931E-09 -0.01190286 -0.0074627
v 1.143014E-09 -0.009588297 -0.007462702

vt -0.002926349 -0.004882811
vt -0.002926348 -0.002929687
vt 0.002926362 -0.004882812
vt 0.002926362 -0.002929686
vt -0.01120929 -8.379589E-05
vt 0.0004891302 -8.379659E-05
vt -0.0105422 0.003810158
vt -0.008578382 0.007215725
vt -0.008324394 0.007507314
vt -0.005202954 0.009928984
vt -0.004407715 0.01030667
vt -0.0005583667 0.0111957
vt 0.0005583667 0.0111957
vt 0.004407715 0.01030667
vt 0.005202954 0.009928984
vt 0.008324393 0.007507314
vt 0.008578379 0.007215725
vt 0.0105489 0.003791559
vt 0.01120929 -8.379654E-05
vt 0.0105422 -0.003810159
vt 0.008578383 -0.007215726
vt 0.008324396 -0.007507316
vt 0.005202956 -0.009928985
vt 0.004407718 -0.01030667
vt 0.0005583683 -0.0111957
vt -0.000558368 -0.0111957
vt -0.00440772 -0.01030667
vt -0.005202958 -0.009928984
vt -0.008324395 -0.007507318
vt -0.008578382 -0.007215728
vt -0.0105489 -0.003791559
vt 0.01060659 0.0106066
vt 0.01385819 0.00574025
vt 0.008887924 0.008887934
vt 0.01161264 0.004810115
vt 0.005740248 0.01385819
vt 0.004810112 0.01161265
vt 0.01499999 -2.433864E-09
vt 0.01256943 -2.433864E-09
vt 0.01385819 -0.005740252
vt 0.01161264 -0.004810118
vt 0.0106066 -0.0106066
vt 0.008887928 -0.008887934
vt 0.005740249 -0.01385819
vt 0.004810113 -0.01161265
vt -9.365994E-10 -0.015
vt -9.366E-10 -0.01256944
vt -0.005740252 -0.01385819
vt -0.004810118 -0.01161265
vt -0.0106066 -0.0106066
vt -0.008887926 -0.008887935
vt -0.01385819 -0.005740249
vt -0.01161264 -0.004810115
vt -0.01499999 7.895576E-10
vt -0.01256943 5.567272E-10
vt -0.01385819 0.005740252
vt -0.01161264 0.004810117
vt -0.01060659 0.0106066
vt -0.008887923 0.008887934
vt -0.005740246 0.01385819
vt -0.004810112 0.01161265
vt 7.505194E-10 0.015
vt 7.505199E-10 0.01256944
vt 0.008416575 0.008416587
vt 0.01099679 0.004555025
vt 0.006779934 0.006779946
vt 0.008858417 0.003669281
vt 0.004555019 0.0109968
vt 0.003669273 0.008858425
vt 0.01190283 5.135836E-10
vt 0.009588275 5.135837E-10
vt 0.01099679 -0.004555027
vt 0.008858415 -0.003669283
vt 0.008416577 -0.008416587
vt 0.006779936 -0.006779947
vt 0.004555021 -0.0109968
vt 0.003669276 -0.008858428
vt -1.911044E-10 -0.01190285
vt -1.911044E-10 -0.009588293
vt -0.004555026 -0.0109968
vt -0.003669278 -0.008858426
vt -0.008416574 -0.008416587
vt -0.006779935 -0.006779945
vt -0.01099679 -0.004555025
vt -0.008858415 -0.003669281
vt -0.01190284 -8.847065E-10
vt -0.009588277 -1.117537E-09
vt -0.01099679 0.004555027
vt -0.008858415 0.003669283
vt -0.008416574 0.008416587
vt -0.006779935 0.006779945
vt -0.004555019 0.0109968
vt -0.003669275 0.008858427
vt 1.19459E-09 0.01190285
vt 1.19459E-09 0.00958829
vt -0.00245217 -0.001704822
vt 0.00245218 -0.001704822
vt -0.002322123 -0.004366256
vt 0.002322137 -0.004366255
vt -0.001975351 -0.002797877
vt 0.001975329 -0.002797876
vt -0.001870594 -0.005430965
vt 0.001870572 -0.005430965

vn -1 1.192093E-07 -2.371218E-08
vn -0.9238796 -0.3826834 -1.09023E-07
vn -0.7071068 -0.7071068 -3.034115E-07
vn -0.3826835 -0.9238795 -4.405402E-07
vn 1.285763E-08 -1 -4.768374E-07
vn 0.3826838 -0.9238796 -4.405402E-07
vn 0.707107 -0.7071069 -3.371748E-07
vn 0.9238797 -0.3826836 -1.824777E-07
vn 1 -5.843692E-08 5.071242E-14
vn 0.9238796 0.3826833 1.030949E-07
vn 0.7071069 0.7071066 3.376333E-08
vn 0.3826837 0.9238794 0
vn -2.027713E-07 1 7.15256E-07
vn -0.3826838 0.9238796 8.810803E-07
vn -0.7071069 0.7071069 2.021215E-07
vn -0.9238797 0.3826835 5.747549E-08
vn 0.4984019 0.09913813 -0.8612593
vn 0.4225246 0.2823219 -0.8612593
vn 0.2823222 0.4225242 -0.8612595
vn 0.09913822 0.4984015 -0.8612596
vn -0.09913833 0.4984015 -0.8612596
vn -0.2823225 0.4225242 -0.8612594
vn -0.4225245 0.2823222 -0.8612593
vn -0.4984019 0.09913822 -0.8612593
vn -0.4984019 -0.09913805 -0.8612593
vn -0.4225246 -0.2823219 -0.8612593
vn -0.2823222 -0.4225242 -0.8612595
vn -0.09913849 -0.4984014 -0.8612595
vn 0.09913857 -0.4984014 -0.8612596
vn 0.2823224 -0.4225242 -0.8612595
vn 0.4225246 -0.282322 -0.8612593
vn 0.4984019 -0.09913814 -0.8612593
vn 1.13693E-06 -7.596729E-07 -1
vn 8.52794E-08 -5.69819E-08 -0.5000001
vn 0 0 0
vn 0.805992 0.5385464 -0.2456519
vn -0.9609669 -0.1911473 0.2000136
vn -0.4804835 -0.09557363 0.1000068
vn -0.8146684 -0.5443437 0.2000134
vn -0.4073342 -0.2721719 0.1000067
vn 0.5385475 0.8059915 -0.2456509
vn -0.5443447 -0.8146679 0.2000129
vn -0.2721724 -0.4073339 0.1000065
vn 0.1891128 0.9507326 -0.2456503
vn -0.1911485 -0.9609669 0.2000128
vn -0.09557427 -0.4804834 0.1000064
vn -0.189113 0.9507326 -0.2456505
vn 0.1911487 -0.9609669 0.2000127
vn 0.09557434 -0.4804834 0.1000064
vn -0.538548 0.8059917 -0.2456501
vn 0.5443451 -0.8146678 0.2000132
vn 0.2721725 -0.4073339 0.1000066
vn -0.8059921 0.5385469 -0.2456512
vn 0.8146685 -0.5443441 0.2000135
vn 0.4073342 -0.272172 0.1000068
vn -0.9507324 0.1891118 -0.2456521
vn 0.960967 -0.1911475 0.2000135
vn 0.4804835 -0.09557374 0.1000068
vn -0.9507326 -0.1891116 -0.2456512
vn 0.960967 0.1911472 0.2000135
vn 0.4804835 0.09557361 0.1000068
vn -0.8059917 -0.5385469 -0.2456517
vn 0.8146682 0.5443441 0.2000132
vn 0.4073341 0.272172 0.1000066
vn -0.5385478 -0.8059914 -0.2456509
vn 0.5443448 0.8146678 0.2000129
vn 0.2721724 0.4073339 0.1000064
vn -0.1891124 -0.9507326 -0.2456504
vn 0.1911482 0.960967 0.2000124
vn 0.09557412 0.4804835 0.1000062
vn 0.1891126 -0.9507326 -0.2456505
vn -0.1911484 0.9609669 0.2000127
vn -0.09557422 0.4804835 0.1000063
vn 0.5385481 -0.8059915 -0.2456505
vn -0.5443453 0.8146678 0.2000129
vn -0.2721726 0.4073339 0.1000065
vn 0.8059919 -0.5385472 -0.2456512
vn -0.8146681 0.5443447 0.2000134
vn -0.4073341 0.2721723 0.1000067
vn 0.9507325 -0.1891117 -0.245652
vn -0.9609669 0.1911474 0.2000141
vn -0.4804834 0.09557369 0.1000071
vn 0.9507323 0.1891116 -0.2456525

usemtl Black
f 65/40/46 66/41/46 67/42/46
f 67/42/47 66/41/47 68/43/47
f 68/44/48 66/41/48 69/45/48
f 69/46/49 66/41/49 70/47/49
f 70/48/50 66/41/50 71/49/50
f 71/50/51 66/41/51 72/51/51
f 72/52/52 66/41/52 73/53/52
f 73/53/53 66/41/53 74/54/53
f 74/54/54 66/41/54 75/55/54
f 75/55/55 66/41/55 76/56/55
f 76/57/56 66/41/56 77/58/56
f 77/59/57 66/41/57 78/60/57
f 78/61/58 66/41/58 79/62/58
f 79/63/59 66/41/59 80/64/59
f 80/65/60 66/41/60 81/66/60
f 81/66/61 66/41/61 65/40/61
f 36/39/31 34/37/30 33/36/30
f 33/36/30 35/38/31 36/39/31
f 38/39/32 36/37/31 35/36/31
f 35/36/31 37/38/32 38/39/32
f 40/39/33 38/37/32 37/36/32
f 37/36/32 39/38/33 40/39/33
f 42/39/34 40/37/33 39/36/33
f 39/36/33 41/38/34 42/39/34
f 44/39/35 42/37/34 41/36/34
f 41/36/34 43/38/35 44/39/35
f 46/39/36 44/37/35 43/36/35
f 43/36/35 45/38/36 46/39/36
f 48/39/37 46/37/36 45/36/36
f 45/36/36 47/38/37 48/39/37
f 50/39/38 48/37/37 47/36/37
f 47/36/37 49/38/38 50/39/38
f 52/39/39 50/37/38 49/36/38
f 49/36/38 51/38/39 52/39/39
f 54/39/40 52/37/39 51/36/39
f 51/36/39 53/38/40 54/39/40
f 56/39/41 54/37/40 53/36/40
f 53/36/40 55/38/41 56/39/41
f 58/39/42 56/37/41 55/36/41
f 55/36/41 57/38/42 58/39/42
f 60/39/43 58/37/42 57/36/42
f 57/36/42 59/38/43 60/39/43
f 62/39/44 60/37/43 59/36/43
f 59/36/43 61/38/44 62/39/44
f 64/39/45 62/37/44 61/36/44
f 61/36/44 63/38/45 64/39/45
f 34/39/30 64/37/45 63/36/45
f 63/36/45 33/38/30 34/39/30
f 83/70/62 47/68/62 45/67/62
f 45/67/62 82/69/62 83/70/62
f 82/69/62 45/67/62 43/71/62
f 43/71/62 84/72/62 82/69/62
f 85/74/62 49/73/62 47/68/62
f 47/68/62 83/70/62 85/74/62
f 86/76/62 51/75/62 49/73/62
f 49/73/62 85/74/62 86/76/62
f 87/78/62 53/77/62 51/75/62
f 51/75/62 86/76/62 87/78/62
f 88/80/62 55/79/62 53/77/62
f 53/77/62 87/78/62 88/80/62
f 89/82/62 57/81/62 55/79/62
f 55/79/62 88/80/62 89/82/62
f 90/84/62 59/83/62 57/81/62
f 57/81/62 89/82/62 90/84/62
f 91/86/62 61/85/62 59/83/62
f 59/83/62 90/84/62 91/86/62
f 92/88/62 63/87/62 61/85/62
f 61/85/62 91/86/62 92/88/62
f 93/90/62 33/89/62 63/87/62
f 63/87/62 92/88/62 93/90/62
f 94/92/62 35/91/62 33/89/62
f 33/89/62 93/90/62 94/92/62
f 95/94/62 37/93/62 35/91/62
f 35/91/62 94/92/62 95/94/62
f 96/96/62 39/95/62 37/93/62
f 37/93/62 95/94/62 96/96/62
f 97/98/62 41/97/62 39/95/62
f 39/95/62 96/96/62 97/98/62
f 84/72/62 43/71/62 41/97/62
f 41/97/62 97/98/62 84/72/62
f 101/102/64 99/100/63 98/99/62
f 98/99/62 100/101/63 101/102/64
f 100/101/64 98/99/63 102/103/62
f 102/103/62 103/104/63 100/101/64
f 105/106/64 104/105/63 99/100/62
f 99/100/62 101/102/63 105/106/64
f 107/108/64 106/107/63 104/105/62
f 104/105/62 105/106/63 107/108/64
f 109/110/64 108/109/63 106/107/62
f 106/107/62 107/108/63 109/110/64
f 111/112/64 110/111/63 108/109/62
f 108/109/62 109/110/63 111/112/64
f 113/114/64 112/113/63 110/111/62
f 110/111/62 111/112/63 113/114/64
f 115/116/64 114/115/63 112/113/62
f 112/113/62 113/114/63 115/116/64
f 117/118/64 116/117/63 114/115/62
f 114/115/62 115/116/63 117/118/64
f 119/120/64 118/119/63 116/117/62
f 116/117/62 117/118/63 119/120/64
f 121/122/64 120/121/63 118/119/62
f 118/119/62 119/120/63 121/122/64
f 123/124/64 122/123/63 120/121/62
f 120/121/62 121/122/63 123/124/64
f 125/126/64 124/125/63 122/123/62
f 122/123/62 123/124/63 125/126/64
f 127/128/64 126/127/63 124/125/62
f 124/125/62 125/126/63 127/128/64
f 129/130/64 128/129/63 126/127/62
f 126/127/62 127/128/63 129/130/64
f 103/104/64 102/103/63 128/129/62
f 128/129/62 129/130/63 103/104/64
f 108/134/65 87/132/65 86/131/65
f 86/131/65 106/133/65 108/134/65
f 105/138/64 74/136/67 75/135/66
f 75/135/66 107/137/67 105/138/64
f 107/138/64 75/136/69 76/135/68
f 76/135/68 109/137/69 107/138/64
f 110/134/70 88/132/70 87/131/70
f 87/131/70 108/133/70 110/134/70
f 109/138/64 76/136/72 77/135/71
f 77/135/71 111/137/72 109/138/64
f 112/134/73 89/132/73 88/131/73
f 88/131/73 110/133/73 112/134/73
f 111/138/64 77/136/75 78/135/74
f 78/135/74 113/137/75 111/138/64
f 114/134/76 90/132/76 89/131/76
f 89/131/76 112/133/76 114/134/76
f 113/138/64 78/136/78 79/135/77
f 79/135/77 115/137/78 113/138/64
f 116/134/79 91/132/79 90/131/79
f 90/131/79 114/133/79 116/134/79
f 115/138/64 79/136/81 80/135/80
f 80/135/80 117/137/81 115/138/64
f 118/134/82 92/132/82 91/131/82
f 91/131/82 116/133/82 118/134/82
f 117/138/64 80/136/84 81/135/83
f 81/135/83 119/137/84 117/138/64
f 120/134/85 93/132/85 92/131/85
f 92/131/85 118/133/85 120/134/85
f 119/138/64 81/136/87 65/135/86
f 65/135/86 121/137/87 119/138/64
f 122/134/88 94/132/88 93/131/88
f 93/131/88 120/133/88 122/134/88
f 121/138/64 65/136/90 67/135/89
f 67/135/89 123/137/90 121/138/64
f 124/134/91 95/132/91 94/131/91
f 94/131/91 122/133/91 124/134/91
f 123/138/64 67/136/93 68/135/92
f 68/135/92 125/137/93 123/138/64
f 126/134/94 96/132/94 95/131/94
f 95/131/94 124/133/94 126/134/94
f 125/138/64 68/136/96 69/135/95
f 69/135/95 127/137/96 125/138/64
f 128/134/97 97/132/97 96/131/97
f 96/131/97 126/133/97 128/134/97
f 127/138/64 69/136/99 70/135/98
f 70/135/98 129/137/99 127/138/64
f 102/134/100 84/132/100 97/131/100
f 97/131/100 128/133/100 102/134/100
f 129/138/64 70/136/102 71/135/101
f 71/135/101 103/137/102 129/138/64
f 98/134/103 82/132/103 84/131/103
f 84/131/103 102/133/103 98/134/103
f 103/138/64 71/136/105 72/135/104
f 72/135/104 100/137/105 103/138/64
f 99/134/106 83/132/106 82/131/106
f 82/131/106 98/133/106 99/134/106
f 100/138/64 72/136/108 73/135/107
f 73/135/107 101/137/108 100/138/64
f 104/134/109 85/132/109 83/131/109
f 83/131/109 99/133/109 104/134/109
f 101/138/64 73/136/111 74/135/110
f 74/135/110 105/137/111 101/138/64
f 106/134/112 86/132/112 85/131/112
f 85/131/112 104/133/112 106/134/112

g Base_Switch (1)
v 0.008672257 0.002007776 -0.009925585
v 0.009483155 0.00296358 -0.008735318
v 0.00809265 0.003700058 -0.009928877
v 0.01011271 0.003862713 -0.007400003
v 0.008838835 0.004646852 -0.008668765
v 0.007347317 0.00531657 -0.009752391
v 0.01054889 0.004687983 -0.005945174
v 0.009474194 0.005674884 -0.007005376
v 0.01078336 0.005423608 -0.00439865
v 0.009793147 0.006451522 -0.005476914
v 0.008602387 0.007347319 -0.00646657
v 0.01081162 0.006055522 -0.002790005
v 0.009908115 0.007140649 -0.003812787
v 0.01063309 0.006571628 -0.0003491274
v 0.009798051 0.007695534 -0.0003095737
v 0.008775581 0.008672259 -0.003157776
v 0.008778874 0.008092652 -0.004850059
v 0.007518762 0.008838838 -0.005796852
v 0.007585314 0.009483158 -0.00411358
v 0.00625 0.01011272 -0.005012714
v 0.008082223 0.006417196 -0.008203181
v 0.007053178 0.008082226 -0.007567196
v 0.005855373 0.009474196 -0.006824885
v 0.005316566 0.007812502 -0.009765632
v 0.006417193 0.007053181 -0.009232226
v 0.004326912 0.00979315 -0.007601523
v 0.004795171 0.0105489 -0.005837983
v 0.003248648 0.01078336 -0.006573609
v 0.003700055 0.008778878 -0.009765629
v 0.002662785 0.00990812 -0.008290649
v 0.002007775 0.008775585 -0.009822261
v 0.001013578 0.009798043 -0.008845529
v 0.001640004 0.01081162 -0.007205523
v -1.267569E-09 0.01063314 -0.007721642
v -1.059893E-09 0.008891026 -0.009936342
v -0.00101358 0.009798043 -0.008845529
v -0.002007777 0.008775585 -0.009822261
v 0.002007777 -0.008775584 -0.009822262
v 1.059893E-09 -0.008891025 -0.009936344
v 0.00101358 -0.009798042 -0.00884553
v -0.002007773 -0.008775585 -0.009765631
v -0.001013578 -0.009798042 -0.00884553
v 1.267569E-09 -0.01063314 -0.007721643
v 0.008672258 -0.002007777 -0.009925586
v 0.008092651 -0.003700059 -0.009928878
v 0.009483156 -0.002963581 -0.008735319
v 0.007347318 -0.00531657 -0.009752392
v 0.008838837 -0.004646853 -0.008668766
v 0.01011271 -0.003862715 -0.007400004
v 0.002662787 -0.009908119 -0.008290651
v 0.001640006 -0.01081162 -0.007205525
v 0.003248651 -0.01078336 -0.006573611
v 0.003700062 -0.008778879 -0.009765631
v 0.004326914 -0.00979315 -0.007601525
v 0.005316573 -0.008602395 -0.009765629
v 0.005855375 -0.009474197 -0.006824886
v 0.004795174 -0.0105489 -0.005837985
v 0.006250002 -0.01011272 -0.005012715
v 0.00705318 -0.008082226 -0.007567198
v 0.007518764 -0.008838839 -0.005796853
v 0.008602389 -0.00734732 -0.006466571
v 0.006417195 -0.007053181 -0.009232228
v 0.008082224 -0.006417197 -0.008203182
v 0.009474195 -0.005674885 -0.007005377
v 0.0105489 -0.004687984 -0.005945175
v 0.009793148 -0.006451524 -0.005476916
v 0.01078336 -0.005423611 -0.004398651
v 0.008778876 -0.008092654 -0.00485006
v 0.007585316 -0.00948316 -0.004113581
v 0.008775583 -0.008672261 -0.003157777
v 0.009908117 -0.00714065 -0.003812788
v 0.01081162 -0.006055525 -0.002790007
v 0.009798053 -0.007695537 -0.0003085736
v 0.01063309 -0.006571631 -0.0003491285
v 0.009752556 -0.001014274 -0.008902999
v 0.01050223 -0.001955432 -0.007640735
v 0.01063314 -7.136206E-10 -0.007721642
v 0.008786339 -2.979558E-10 -0.01004103
v 0.009752556 0.001014273 -0.008902999
v 0.01050222 0.001955431 -0.007640735
v 0.01113758 -0.002983464 -0.005977345
v 0.01145305 -0.003765739 -0.004451037
v 0.01188821 -0.00203075 -0.004435822
v 0.01155381 -0.004477863 -0.002795694
v 0.01143799 -0.005041937 -0.0003491284
v 0.01202431 -0.003415826 -0.0003491283
v 0.01207991 -0.002751465 -0.002809908
v 0.01234611 -0.001028033 -0.00281339
v 0.01238041 -0.001724389 -0.0003491281
v 0.0125 -1.557625E-09 -0.000349128
v 0.01141228 -0.001029046 -0.006145091
v 0.01204827 -1.155562E-09 -0.004480061
v 0.01234611 0.00102803 -0.00281339
v 0.01188821 0.002030748 -0.004435821
v 0.01141228 0.001029044 -0.006145091
v 0.01113758 0.002983462 -0.005977345
v 0.01145305 0.003765736 -0.004451036
v 0.01207991 0.002751463 -0.002809907
v 0.01238041 0.001724385 -0.0003491278
v 0.01202431 0.003415823 -0.0003491277
v 0.01155381 0.004477861 -0.002795693
v 0.01143799 0.005041934 -0.0003491275
v -0.008672258 0.002007778 -0.009925585
v -0.008092651 0.003700061 -0.009928877
v -0.009483156 0.002963582 -0.008735318
v -0.007347318 0.005316571 -0.009752391
v -0.008838837 0.004646854 -0.008668765
v -0.01011271 0.003862716 -0.007400003
v -0.002662787 0.009908121 -0.008290649
v -0.001640006 0.01081162 -0.007205523
v -0.003248651 0.01078336 -0.006573609
v -0.003700062 0.008778882 -0.009765629
v -0.004326914 0.009793151 -0.007601523
v -0.00531658 0.007768271 -0.009765632
v -0.005855375 0.009474198 -0.006824885
v -0.004795174 0.0105489 -0.005837983
v -0.006250002 0.01011272 -0.005012714
v -0.00705318 0.008082227 -0.007567196
v -0.007518764 0.00883884 -0.005796852
v -0.008602389 0.007347321 -0.00646657
v -0.006417199 0.007053186 -0.009765628
v -0.008082224 0.006417198 -0.008203181
v -0.009474195 0.005674886 -0.007005376
v -0.0105489 0.004687985 -0.005945174
v -0.009793148 0.006451525 -0.005476914
v -0.01078336 0.005423611 -0.00439865
v -0.008778876 0.008092654 -0.004850059
v -0.007585316 0.00948316 -0.00411358
v -0.008775583 0.008672262 -0.003157776
v -0.009908117 0.007140651 -0.003812787
v -0.01081162 0.006055525 -0.002790005
v -0.009798053 0.007695537 -0.0003095737
v -0.01063309 0.006571631 -0.0003491274
v -1.363521E-09 0.01143805 -0.006191944
v 0.001645691 0.01155381 -0.005627862
v -1.4334E-09 0.01202424 -0.004565833
v 0.003301034 0.01145306 -0.004915737
v 0.004827342 0.01113759 -0.004133462
v 0.003285819 0.01188821 -0.003180749
v 0.001659905 0.01207991 -0.003901464
v -1.475869E-09 0.01238049 -0.002874403
v 0.001663398 0.01234613 -0.0003240214
v -1.490117E-09 0.01250001 -0.0003491269
v 0.006490731 0.01050223 -0.003105431
v 0.007752991 0.009752563 -0.0003102649
v 0.006571579 0.01063314 -0.0003491271
v 0.008891106 0.008786348 -0.0003491273
v 0.004995155 0.01141229 -0.0003250229
v 0.003330039 0.01204825 -0.000349127
v 0.008891108 -0.00878635 -0.0003491287
v 0.007752993 -0.009752565 -0.0003092652
v 0.006490733 -0.01050223 -0.003105433
v 0.006571581 -0.01063314 -0.0003491289
v 0.004827344 -0.01113759 -0.004133464
v 0.003301036 -0.01145306 -0.004915739
v 0.003285822 -0.01188821 -0.00318075
v 0.001645694 -0.01155381 -0.005627864
v 1.363521E-09 -0.01143805 -0.006191946
v 1.4334E-09 -0.01202423 -0.004565835
v 0.001659908 -0.01207991 -0.003901466
v 0.0016634 -0.01234613 -0.0003230222
v 1.475869E-09 -0.01238049 -0.002874405
v 1.490117E-09 -0.01250001 -0.000349129
v 0.004995157 -0.01141229 -0.0003240235
v 0.003330042 -0.01204825 -0.000349129
v -0.001640004 -0.01081162 -0.007205525
v -0.002662785 -0.009908119 -0.008290651
v -0.003248648 -0.01078336 -0.006573611
v -0.003700055 -0.008778878 -0.009765631
v -0.005316566 -0.008789063 -0.009765629
v -0.004326912 -0.009793149 -0.007601525
v -0.004795171 -0.0105489 -0.005837985
v -0.005855373 -0.009474196 -0.006824886
v -0.00625 -0.01011272 -0.005012715
v -0.007347317 -0.005316568 -0.009752392
v -0.00809265 -0.003700057 -0.009928878
v -0.008838835 -0.00464685 -0.008668766
v -0.008672257 -0.002007775 -0.009925586
v -0.009483155 -0.002963579 -0.008735319
v -0.01011271 -0.003862712 -0.007400004
v -0.008082223 -0.006417195 -0.008203182
v -0.009474194 -0.005674883 -0.007005377
v -0.008602387 -0.007347318 -0.006466571
v -0.006417193 -0.00705318 -0.009232228
v -0.007053178 -0.008082225 -0.007567198
v -0.007518762 -0.008838837 -0.005796853
v -0.007585314 -0.009483158 -0.004113581
v -0.008778874 -0.008092652 -0.00485006
v -0.008775581 -0.008672259 -0.003157777
v -0.009793147 -0.006451522 -0.005476916
v -0.01054889 -0.004687982 -0.005945175
v -0.01078336 -0.005423608 -0.004398651
v -0.009908115 -0.007140648 -0.003812788
v -0.009798051 -0.007695534 -0.0003085736
v -0.01081162 -0.006055522 -0.002790007
v -0.01063309 -0.006571629 -0.0003491285
v -0.008891108 0.00878635 -0.0003491273
v -0.007752993 0.009752565 -0.0003102649
v -0.006571581 0.01063314 -0.0003491271
v -0.006490733 0.01050223 -0.003105431
v -0.004995157 0.01141229 -0.0003250229
v -0.004827344 0.01113759 -0.004133462
v -0.003285822 0.01188821 -0.003180749
v -0.003330042 0.01204825 -0.000349127
v -0.0016634 0.01234613 -0.0003240214
v -0.001659908 0.01207991 -0.003901464
v -0.003301036 0.01145306 -0.004915737
v -0.001645694 0.01155381 -0.005627862
v -0.008891106 -0.008786348 -0.0003491287
v -0.007752991 -0.009752563 -0.0003092652
v -0.006571579 -0.01063314 -0.0003491289
v -0.006490731 -0.01050223 -0.003105433
v -0.003330039 -0.01204825 -0.000349129
v -0.001663398 -0.01234613 -0.0003230222
v -0.003285819 -0.01188821 -0.00318075
v -0.004995155 -0.01141229 -0.0003240235
v -0.004827342 -0.01113759 -0.004133464
v -0.003301034 -0.01145306 -0.004915739
v -0.001659905 -0.01207991 -0.003901466
v -0.001645691 -0.01155381 -0.005627864
v -0.01143799 0.005041937 -0.0003491275
v -0.01202431 0.003415826 -0.0003491277
v -0.01155381 0.004477864 -0.002795693
v -0.01238041 0.001724388 -0.0003491278
v -0.01207991 0.002751466 -0.002809907
v -0.0125 1.422608E-09 -0.000349128
v -0.01234611 0.001028033 -0.00281339
v -0.01188821 0.002030751 -0.004435821
v -0.01145305 0.003765739 -0.004451036
v -0.01113758 0.002983465 -0.005977345
v -0.01238041 -0.001724386 -0.0003491281
v -0.01234611 -0.00102803 -0.00281339
v -0.01202431 -0.003415823 -0.0003491283
v -0.01207991 -0.002751463 -0.002809908
v -0.01188821 -0.002030747 -0.004435822
v -0.01143799 -0.005041934 -0.0003491284
v -0.01155381 -0.00447786 -0.002795694
v -0.01145305 -0.003765736 -0.004451037
v -0.01113758 -0.002983461 -0.005977345
v -0.01204827 1.716968E-09 -0.004480061
v -0.01141228 -0.001029043 -0.006145091
v -0.01050222 -0.00195543 -0.007640735
v -0.01063314 1.821516E-09 -0.007721642
v -0.01141228 0.001029047 -0.006145091
v -0.01050223 0.001955434 -0.007640735
v -0.009752556 0.001014275 -0.008902999
v -0.009752556 -0.001014272 -0.008902999
v -0.008786339 1.79687E-09 -0.01004103
v -0.007347298 -0.005316545 -0.004529562
v -0.00809269 -0.003700066 -0.004523601
v -0.008672334 -0.00200777 -0.004508295
v -0.008786393 1.332072E-09 -0.004526915
v -0.008672334 0.002007773 -0.004529561
v -0.008092691 0.003700069 -0.004523601
v -0.0073473 0.005316547 -0.004529561
v -0.006417276 0.007053189 -0.004529561
v -0.005316545 0.008602385 -0.004528703
v -0.003700067 0.008778863 -0.004529561
v -0.002007867 0.008775572 -0.004529561
v -1.059891E-09 0.008891014 -0.004527343
v 0.002007865 0.008775572 -0.004529561
v 0.003700065 0.008778862 -0.004529561
v 0.005316543 0.008602384 -0.004528703
v 0.006417274 0.007053187 -0.004531802
v 0.007347298 0.005316545 -0.004529561
v 0.00809269 0.003700067 -0.004529561
v 0.008672334 0.002007771 -0.004529561
v 0.008786393 -7.625439E-10 -0.004529561
v 0.008672334 -0.002007772 -0.004529562
v 0.008092691 -0.003700068 -0.004529562
v 0.0073473 -0.005316547 -0.004529562
v 0.006417276 -0.007053188 -0.004529562
v 0.005316545 -0.008602385 -0.004528704
v 0.003700067 -0.008778863 -0.004529562
v 0.002007867 -0.008775572 -0.004529562
v 1.059891E-09 -0.008891014 -0.004538217
v -0.002007865 -0.008775571 -0.004520932
v -0.003700065 -0.008778862 -0.004529562
v -0.005316543 -0.008602384 -0.004528704
v -0.006417274 -0.007053187 -0.004535523
v 0.008059122 0.001865816 -0.004529108
v 0.00816517 -6.885265E-10 -0.004529109
v 0.007520486 0.003438426 -0.004529108
v 0.008059122 -0.001865818 -0.004529109
v 0.007520487 -0.003438427 -0.004529109
v 0.006827736 0.004940607 -0.004529108
v 0.006827738 -0.004940608 -0.004529109
v 0.005963516 0.006554463 -0.004531206
v 0.005963518 -0.006554464 -0.004529109
v 0.004940605 0.007994083 -0.004528321
v 0.004940607 -0.007994084 -0.004528322
v 0.003438377 0.008158116 -0.004529108
v 0.003438379 -0.008158116 -0.004529109
v 0.001865958 0.008155064 -0.004529108
v 0.00186596 -0.008155064 -0.004529109
v -9.849433E-10 0.008262305 -0.004527058
v 9.849432E-10 -0.008262304 -0.004537168
v -0.00186596 0.008155064 -0.004529108
v -0.001865958 -0.008155063 -0.004521098
v -0.003438379 0.008158116 -0.004529108
v -0.003438377 -0.008158115 -0.004529109
v -0.004940607 0.007994085 -0.004528321
v -0.004940605 -0.007994083 -0.004528322
v -0.005963518 0.006554464 -0.004529108
v -0.006827738 0.004940609 -0.004529108
v -0.005963516 -0.006554462 -0.004534664
v -0.007520487 0.003438428 -0.004523577
v -0.006827736 -0.004940606 -0.004529109
v -0.008059122 0.001865818 -0.004529108
v -0.007520486 -0.003438425 -0.004523578
v -0.00816517 1.257994E-09 -0.004526653
v -0.008059122 -0.001865816 -0.004509344
v 0.008059122 0.001865816 -0.001064765
v 0.00816517 -9.805488E-10 -0.001064766
v 0.007520486 0.003438426 -0.001064765
v 0.008059122 -0.001865818 -0.001064766
v 0.007520487 -0.003438428 -0.001064766
v 0.006827736 0.004940607 -0.001064765
v 0.006827738 -0.004940608 -0.001064766
v 0.005963516 0.006554463 -0.001066863
v 0.005963518 -0.006554464 -0.001064766
v 0.004940605 0.007994083 -0.001063978
v 0.004940607 -0.007994084 -0.001063979
v 0.003438377 0.008158115 -0.001064765
v 0.003438379 -0.008158116 -0.001064766
v 0.001865958 0.008155064 -0.001064765
v 0.00186596 -0.008155064 -0.001064766
v -9.849432E-10 0.008262305 -0.001062714
v 9.849432E-10 -0.008262305 -0.001072825
v -0.00186596 0.008155064 -0.001064765
v -0.001865958 -0.008155064 -0.001056755
v -0.003438379 0.008158116 -0.001064765
v -0.003438377 -0.008158115 -0.001064766
v -0.004940607 0.007994084 -0.001063978
v -0.004940605 -0.007994083 -0.001063979
v -0.005963518 0.006554464 -0.001064765
v -0.006827738 0.004940608 -0.001064765
v -0.005963516 -0.006554463 -0.001070321
v -0.007520487 0.003438428 -0.001059234
v -0.006827736 -0.004940607 -0.001064766
v -0.008059122 0.001865818 -0.001064765
v -0.007520486 -0.003438426 -0.001059234
v -0.00816517 9.659722E-10 -0.00106231
v -0.008059122 -0.001865816 -0.001045001

vt -0.02007776 0.04952457
vt -0.0296358 0.03546862
vt -0.03700058 0.05169571
vt -0.03862714 0.02073444
vt -0.04646851 0.03722968
vt -0.08296868 0.03914805
vt -0.09013212 0.04829178
vt -0.07547591 0.05526808
vt -0.04687983 0.005603772
vt -0.05674883 0.01942527
vt -0.05423608 -0.009634053
vt -0.06451522 0.004043256
vt -0.07347318 0.01763777
vt -0.06055522 -0.02468766
vt -0.07140648 -0.01184617
vt -0.06571628 -0.04671156
vt -0.07695533 -0.04399526
vt -0.08672258 -0.01375067
vt -0.08092651 0.001963657
vt -0.08838835 0.01541598
vt 0.08772699 0.004439473
vt 0.08768965 -0.01342721
vt 0.07578079 -0.007540437
vt 0.07512019 0.01048194
vt 0.06242286 -0.00150947
vt -0.06417194 0.03569722
vt -0.05316569 0.0528082
vt 0.08596781 0.02221525
vt 0.07047012 0.02972959
vt 0.05848147 0.01769008
vt 0.05310607 0.05115868
vt -0.08082223 0.03358734
vt 0.06411812 0.04900626
vt 0.08077326 0.04179103
vt -0.0824586 0.06587704
vt -0.06605492 0.07250343
vt 0.04319443 0.0237316
vt 0.04787125 0.004550362
vt 0.03240425 0.01052318
vt 0.0369336 0.04759086
vt 0.02655229 0.02971442
vt 0.02001083 0.04813401
vt 0.01006106 0.03528173
vt 0.01631759 0.01629478
vt -8.108908E-05 0.02175477
vt -6.780359E-05 0.04877294
vt -0.0102105 0.03528744
vt -0.02014467 0.04814534
vt -0.01999471 0.04904255
vt 8.412769E-05 0.04969467
vt -0.01004307 0.03623853
vt 0.02016076 0.04852845
vt 0.01022849 0.03624548
vt 0.0001006117 0.02274155
vt 0.02007774 0.04952457
vt 0.03700056 0.0516957
vt 0.02963578 0.03546862
vt -0.08296868 -0.03482969
vt -0.07547591 -0.05102964
vt -0.09013212 -0.04461583
vt 0.04646849 0.03722968
vt 0.03862711 0.02073444
vt -0.02653409 0.03066215
vt -0.01629774 0.01727873
vt -0.03238444 0.0114855
vt -0.03691752 0.04849696
vt -0.04317644 0.0246495
vt -0.05308429 0.04913062
vt -0.05846406 0.01856044
vt -0.04785188 0.005472635
vt -0.06240428 -0.0006448725
vt -0.07045527 0.0305171
vt -0.07510395 0.01127368
vt -0.08595431 0.02291464
vt -0.06410516 0.04976621
vt 0.08082221 0.03358733
vt 0.07347315 0.01763777
vt 0.06417193 0.03569721
vt -0.08076146 0.04247227
vt -0.06605492 -0.06851552
vt -0.0824586 -0.06242624
vt 0.05316566 0.05280819
vt 0.05674881 0.01942526
vt 0.0468798 0.005603767
vt 0.06451519 0.00404325
vt 0.05423605 -0.009634059
vt 0.08838834 0.01541597
vt 0.08092648 0.001963648
vt -0.07576337 -0.00675005
vt -0.08771212 0.005146943
vt -0.08767371 -0.01272615
vt 0.08672255 -0.01375068
vt 0.07140645 -0.01184618
vt 0.06055519 -0.02468766
vt 0.0769553 -0.04400457
vt 0.06571625 -0.04671156
vt 0.01955429 0.02153307
vt -1.195094E-08 0.05017605
vt -0.01955432 0.02153307
vt 0.0298346 0.003728649
vt 0.03765734 -0.01162049
vt 0.02030746 -0.01336895
vt 0.04477859 -0.02737579
vt 0.05041932 -0.04968414
vt 0.03415821 -0.05184947
vt 0.02751461 -0.02918664
vt 0.01028029 -0.03013736
vt 0.01724385 -0.05316459
vt -1.700217E-08 -0.05360625
vt 0.01029043 0.004273031
vt -1.638773E-08 -0.01354894
vt -0.01028033 -0.03013736
vt -0.0203075 -0.01336895
vt -0.01029046 0.004273032
vt -0.02983463 0.003728652
vt -0.03765737 -0.01162049
vt -0.02751465 -0.02918664
vt -0.01724388 -0.05316459
vt -0.03415824 -0.05184947
vt -0.04477862 -0.02737579
vt -0.05041935 -0.04968413
vt 0.07883954 0.03924377
vt 0.07142978 0.05535499
vt 0.08659568 0.04839632
vt -0.02670341 0.02972943
vt -0.01648249 0.01630402
vt -0.03256872 0.0105415
vt -0.03706754 0.04761172
vt -0.04334379 0.02375599
vt -0.05322501 0.05135215
vt -0.05862597 0.01772309
vt -0.04803215 0.004577398
vt -0.0625771 -0.001474231
vt -0.07059339 0.02976936
vt -0.075255 0.01052433
vt -0.08607987 0.02226375
vt -0.06422574 0.05399862
vt -0.08087113 0.0418366
vt 0.06212804 0.07271346
vt 0.07914114 0.06597263
vt -0.07592543 -0.007497671
vt -0.08785042 0.00448897
vt -0.08782192 -0.01337774
vt 0.07695533 -0.04399524
vt -8.722737E-05 0.004565911
vt 0.01636881 -0.001107926
vt -9.169767E-05 -0.01271027
vt 0.03292299 -0.007356955
vt 0.04818847 -0.01346371
vt 0.03276753 -0.02508643
vt 0.01650693 -0.01909386
vt -9.441451E-05 -0.0297434
vt 0.01653983 -0.05331834
vt 0.0648272 -0.02067184
vt 0.07745551 -0.0438759
vt -0.08786346 -0.04027825
vt 0.08884402 -0.03994628
vt 0.04986451 -0.04986638
vt 0.03320851 -0.05198861
vt 0.08786343 -0.04027826
vt -0.07743759 -0.04318649
vt -0.06480791 -0.0198343
vt -0.06561515 -0.04600028
vt -0.08882788 -0.03931922
vt -0.04816801 -0.01254755
vt -0.03290196 -0.006393343
vt -0.03274569 -0.02414126
vt -0.01634759 -0.0001148802
vt 0.0001082278 0.005567874
vt 0.0001137744 -0.01171228
vt -0.01648475 -0.01811222
vt -0.01651716 -0.05243118
vt 0.0001171453 -0.02876846
vt 0.0001182762 -0.05273947
vt -0.04984355 -0.04905094
vt -0.03318638 -0.05111464
vt 0.01650234 0.01728997
vt 0.0267216 0.0306804
vt 0.03258851 0.01150777
vt 0.03708361 0.04852233
vt 0.0532488 0.04849095
vt 0.04336177 0.02467916
vt 0.04805151 0.005505503
vt 0.05864335 0.01860058
vt 0.06259566 -0.0006020333
vt 0.07142978 -0.05094273
vt 0.07883954 -0.03473397
vt 0.08659568 -0.04451128
vt 0.07914114 -0.06233064
vt 0.06225345 -0.06843962
vt 0.08088291 0.04252767
vt 0.07060822 0.03056544
vt 0.06423864 0.04981019
vt 0.08609334 0.0229736
vt 0.07527121 0.01132522
vt 0.07594284 -0.006698058
vt 0.08786526 0.005207115
vt 0.08783782 -0.012666
vt -0.0769553 -0.04400456
vt -0.08897804 -0.03989615
vt -0.07760426 -0.04383219
vt -0.06498738 -0.02063524
vt -0.04835834 -0.01343649
vt -0.03294885 -0.02506791
vt -0.03339227 -0.05196984
vt -0.01672813 -0.05330896
vt -0.01669118 -0.0190845
vt -0.03309768 -0.007338343
vt -0.01654503 -0.001098647
vt 0.08899415 -0.03925828
vt 0.07762215 -0.04313334
vt 0.06581637 -0.04595523
vt 0.06500665 -0.01978981
vt 0.03341439 -0.05109182
vt 0.0167508 -0.05241978
vt 0.03297067 -0.02411874
vt 0.05005951 -0.0490167
vt 0.04837878 -0.01251446
vt 0.0331187 -0.006370717
vt 0.01671335 -0.01810085
vt 0.01656624 -0.0001036001
vt 0.1063309 0.06571609
vt 0.0979805 0.07695513
vt 0.08891106 0.08786327
vt 0.07752991 0.09752541
vt 0.06571579 0.1063312
vt 0.04995155 0.1141227
vt 0.0333004 0.1204823
vt 0.01663399 0.1234611
vt 8.67859E-14 0.1249998
vt -0.01663399 0.1234611
vt -0.0333004 0.1204823
vt -0.04995155 0.1141227
vt -0.06571579 0.1063312
vt -0.07752991 0.09752541
vt -0.08891106 0.08786327
vt -0.0979805 0.07695513
vt -0.1063309 0.06571609
vt -0.1143799 0.05041916
vt -0.1202431 0.03415805
vt -0.1238041 0.01724369
vt -0.125 -1.769435E-07
vt -0.1238041 -0.01724404
vt -0.1202431 -0.0341584
vt -0.1143799 -0.05041951
vt -0.1063309 -0.06571645
vt -0.0979805 -0.0769555
vt -0.08891106 -0.08786362
vt -0.07752991 -0.09752578
vt -0.06571579 -0.1063315
vt -0.04995155 -0.114123
vt -0.0333004 -0.1204826
vt -0.01663399 -0.1234614
vt 8.67859E-14 -0.1250002
vt 0.01663399 -0.1234614
vt 0.0333004 -0.1204826
vt 0.04995155 -0.114123
vt 0.06571579 -0.1063315
vt 0.07752991 -0.09752578
vt 0.08891106 -0.08786362
vt 0.0979805 -0.0769555
vt 0.1063309 -0.06571645
vt 0.1143799 -0.05041951
vt 0.1202431 -0.0341584
vt 0.1238041 -0.01724404
vt 0.125 -1.769435E-07
vt 0.1238041 0.01724369
vt 0.1202431 0.03415805
vt 0.1143799 0.05041916
vt 0.01751677 0.08602433
vt -0.0002838643 0.08778919
vt 0.01751664 0.03379605
vt -0.000283955 0.03373645
vt 0.008782401 0.08778806
vt -0.009105476 0.08775514
vt 0.008782351 0.03373532
vt -0.00910577 0.03358226
vt 0.01512571 0.08775457
vt -0.004984429 0.08890898
vt 0.01512562 0.03358169
vt -0.004984459 0.03376789
vt 0.004984407 0.08890935
vt -0.01512573 0.08775494
vt 0.004984438 0.03376827
vt -0.01512564 0.03379473
vt 0.009105476 0.08775464
vt -0.008782401 0.08778757
vt 0.00910577 0.03379443
vt -0.008782351 0.03373482
vt -0.01751666 0.0860232
vt -0.01751652 0.03379494
vt -0.01217729 0.08602434
vt -0.03187741 0.08615671
vt -0.01217716 0.03379607
vt -0.03187707 0.03379607
vt 0.01538458 0.08615542
vt 0.002259382 0.08615547
vt -0.00228532 0.03378614
vt 0.003900806 0.07279347
vt -0.01516346 0.07279343
vt -0.0005211825 0.01994879
vt -0.01516332 0.02090387
vt 0.03717153 0.08615655
vt 0.02024865 0.08672287
vt 0.03717158 0.03379591
vt 0.02024956 0.03379591
vt 0.01500729 0.08672269
vt -0.005103623 0.0878635
vt -0.005103617 0.03377355
vt 0.005103619 0.08786356
vt -0.01500729 0.08672275
vt 0.005103613 0.0337736
vt -0.02024853 0.08672278
vt -0.03717137 0.08615646
vt -0.02024944 0.03379581
vt -0.03717147 0.03379581
vt 0.01328764 0.08615641
vt -0.005545811 0.08615645
vt 0.01328748 0.03379576
vt -0.001492591 0.03378719
vt 0.005122444 0.07430933
vt -0.008233662 0.06893706
vt 0.009913983 0.02156492
vt -0.008234266 0.0222671
vt 0.03187681 0.08082079
vt 0.0121767 0.08602244
vt 0.03187649 0.03381658
vt 0.01217658 0.03379416
vt -0.03187732 0.0808227
vt -0.02033303 0.08082084
vt -0.03933679 0.08615484
vt -0.03933688 0.03378562
vt 0.04351532 0.08615645
vt 0.02725415 0.08615647
vt 0.04351505 0.03378723
vt 0.02725422 0.03379581
vt -0.01500735 0.08615644
vt -0.02024843 0.08615649
vt -0.03755302 0.08615652
vt -0.05371844 0.0861565
vt -0.03755311 0.03379587
vt -0.05370645 0.03378728
vt 0.04529882 0.08791391
vt 0.02474507 0.08257892
vt 0.04372735 0.035535
vt 0.02474469 0.0356206
vt -0.08674795 0.0200791
vt -0.08788855 1.397209E-06
vt -0.08061582 0.01865956
vt -0.0816763 1.397209E-06
vt -0.08095001 0.03700856
vt -0.07522796 0.03439216
vt -0.08674795 -0.0200791
vt -0.08061583 -0.01865956
vt -0.08095001 -0.03700856
vt -0.07522796 -0.03439216
vt -0.07349505 0.05317561
vt -0.06829944 0.04941622
vt -0.07349505 -0.05317561
vt -0.06829944 -0.04941622
vt -0.06417052 0.07057425
vt -0.05963293 0.065587
vt -0.06419397 -0.0705432
vt -0.05965639 -0.06555596
vt -0.05323216 0.08600374
vt -0.04947278 0.07992073
vt -0.0531959 -0.08602675
vt -0.04943652 -0.07994374
vt -0.03698607 0.08781937
vt -0.03436919 0.0816119
vt -0.03698601 -0.0878188
vt -0.03436913 -0.08161134
vt -0.02007861 0.08778034
vt -0.03700061 0.08781324
vt -0.01865954 0.08157526
vt -0.03700061 -0.08781324
vt -0.02007861 -0.08778034
vt -0.01865954 -0.08157526
vt -3.817972E-05 0.08892546
vt -3.817648E-05 0.08263836
vt -0.0199361 -0.08781293
vt 0.0001427434 -0.08896735
vt 0.0001426992 -0.08268025
vt 0.02011688 0.08777159
vt 0.01869781 0.08156651
vt 0.01979098 -0.08781209
vt 0.01837195 -0.081607
vt 0.03700061 0.08781324
vt 0.03438373 0.08160578
vt 0.02025042 -0.08770733
vt 0.03717263 -0.08774024
vt 0.01883138 -0.08150224
vt 0.03455576 -0.08153276
vt 0.05315079 0.08605403
vt 0.03698601 0.0878188
vt 0.04939141 0.07997102
vt 0.03698607 -0.08781937
vt 0.05315085 -0.08605459
vt 0.03436919 -0.0816119
vt 0.04939147 -0.07997158
vt 0.06420322 0.07053479
vt 0.05966563 0.06554755
vt 0.0734942 0.05317679
vt 0.06829858 0.04941741
vt 0.05329294 -0.08596618
vt 0.06430043 -0.07047419
vt 0.04953357 -0.07988316
vt 0.05976285 -0.06548695
vt 0.08088101 0.03710409
vt 0.07515897 0.03448767
vt 0.06823141 0.04950954
vt 0.06413262 -0.07062651
vt 0.07343291 -0.05326004
vt 0.05959505 -0.06563925
vt 0.0682373 -0.04950064
vt 0.08677191 0.01997563
vt 0.08097539 0.03689866
vt 0.08063977 0.01855608
vt 0.08088139 -0.03710426
vt 0.07515935 -0.03448784
vt 0.08787818 4.527121E-05
vt 0.08673759 0.020123
vt 0.08166594 4.527121E-05
vt 0.08673777 -0.01976657
vt 0.08060566 -0.01834697
vt 0.08660391 -0.02034252
vt 0.07508496 -0.0346495
vt 0.08047179 -0.01892293
vt 0.01405486 0.03379107
vt 0.01405486 -0.0008523464
vt -0.004633412 -0.0008523464
vt 0.008160399 0.03379107
vt -0.008462558 0.03379107
vt 0.008160399 -0.0008523464
vt -0.008462558 -0.0008523464
vt -0.01405486 0.03379107
vt 0.004633412 -0.0008523464
vt -0.01405486 -0.0008523464
vt 0.01627214 0.03379107
vt 0.01627214 -0.0008523464
vt -0.0002700685 -0.0008523464
vt -0.01627214 0.03379107
vt -0.01627214 -0.0008523464
vt 0.02962916 0.03381205
vt 0.01132231 0.03379107
vt 0.02962916 -0.0008313656
vt 0.01132231 -0.0008523464
vt -0.01132231 0.03379107
vt -0.02962916 0.03379107
vt -0.01132231 -0.0008523464
vt -0.02962916 -0.0008523464
vt 0.03654888 0.0337832
vt 0.01888861 0.03381205
vt 0.03654888 -0.0008602142
vt 0.01888861 -0.0008313656
vt -0.01888861 0.03379107
vt -0.03654888 0.0337832
vt -0.01888861 -0.0008523464
vt -0.03654888 -0.0008602142
vt -0.0253252 0.03379107
vt -0.04043677 0.0337832
vt -0.0253252 -0.0008523464
vt -0.04043677 -0.0008602142
vt 0.04043677 0.0337832
vt 0.0253252 0.03379107
vt 0.04043677 -0.0008602142
vt 0.0253252 -0.0008523464
vt -0.03454204 0.03379107
vt -0.03454204 -0.0008523464
vt 0.03454204 0.03379107
vt 0.03454204 -0.0008523464
vt -0.01394969 0.03379107
vt -0.01394969 -0.0008523464
vt 0.01394969 0.03379107
vt 0.01394969 -0.0008523464
vt 0.01405486 -0.001049995
vt -0.008462558 -0.001049995
vt 0.06827756 -0.04940605
vt 0.08059145 -0.01865816

vn 0.07022586 0.02392192 -0.06705279
vn 0.07599989 0.03134221 -0.05693583
vn 0.07075765 0.02962105 -0.06415571
vn 0.06491012 0.03717438 -0.06636828
vn 0.08026785 0.03824786 -0.04576218
vn 0.08294801 0.04450682 -0.03374573
vn 0.0801686 0.04484827 -0.0395175
vn 0.07421002 0.05222195 -0.04202078
vn 0.0839788 0.05001421 -0.02112211
vn 0.07997176 0.05965536 -0.006764449
vn 0.07869109 0.06128118 -0.007234188
vn 0.08186344 0.0508425 -0.0267099
vn 0.07381038 0.06387267 -0.0217328
vn 0.07591759 0.05811539 -0.02931087
vn 0.07312577 0.05855634 -0.03498257
vn 0.06636825 0.06491014 -0.03717438
vn 0.06705275 0.07022588 -0.02392192
vn 0.06415568 0.07075766 -0.02962104
vn 0.05693581 0.07599991 -0.03134221
vn 0.07595135 0.03822343 -0.05263427
vn 0.06990111 0.05218868 -0.04888948
vn 0.07084426 0.04465168 -0.05465641
vn 0.06486876 0.0440461 -0.06206441
vn 0.06206438 0.06486879 -0.0440461
vn 0.05263424 0.07595138 -0.03822343
vn 0.05465638 0.07084429 -0.04465168
vn 0.05130462 0.07036428 -0.04916005
vn 0.06354716 0.05851591 -0.05037514
vn 0.06360076 0.05238145 -0.05666686
vn 0.05773503 0.05773505 -0.05773505
vn 0.05851589 0.05037514 -0.06354718
vn 0.04142778 0.07577956 -0.05041036
vn 0.04576215 0.08026788 -0.03824786
vn 0.03951748 0.08016862 -0.04484827
vn 0.03374571 0.08294804 -0.04450683
vn 0.04494283 0.07517853 -0.04825284
vn 0.02670988 0.08186347 -0.05084251
vn 0.02529353 0.08458246 -0.04696862
vn 0.001850654 0.08001198 -0.05995555
vn 0.01614434 0.07592469 -0.0630461
vn 0.0211221 0.08397884 -0.05001421
vn 0.01327924 0.08196349 -0.05572844
vn 0.008117821 0.08336799 -0.05462498
vn 0.008054125 0.07283449 -0.06804614
vn -9.568601E-09 0.08026726 -0.05964207
vn -9.166151E-09 0.07689125 -0.06393548
vn -0.008054143 0.0728345 -0.06804614
vn 0.008054143 -0.07283448 -0.06804615
vn -0.009986777 -0.07174791 -0.06893846
vn 9.16615E-09 -0.07689124 -0.0639355
vn 9.5686E-09 -0.08026725 -0.05964208
vn 0.07022586 -0.02392193 -0.06705279
vn 0.06491013 -0.03717438 -0.06636829
vn 0.07075766 -0.02962105 -0.06415571
vn 0.07599989 -0.03134222 -0.05693584
vn 0.01614436 -0.07592468 -0.06304611
vn 0.008117841 -0.08336798 -0.05462499
vn 0.01327926 -0.08196348 -0.05572845
vn 0.02112212 -0.08397883 -0.05001423
vn 0.001850571 -0.08001199 -0.05995553
vn 0.0267099 -0.08186347 -0.05084252
vn 0.02529352 -0.08458253 -0.04696854
vn 0.009717755 -0.08900864 -0.04453131
vn 0.03484038 -0.08793725 -0.03245304
vn 0.03374573 -0.08294804 -0.04450684
vn 0.0395175 -0.08016863 -0.04484829
vn 0.04576217 -0.08026788 -0.03824788
vn 0.0624214 -0.07104517 -0.03249866
vn 0.05263426 -0.07595138 -0.03822345
vn 0.0546564 -0.07084429 -0.04465169
vn 0.0620644 -0.06486879 -0.04404611
vn 0.07701034 -0.03676097 -0.05213488
vn 0.06354717 -0.05851591 -0.05037515
vn 0.05773504 -0.05773506 -0.05773506
vn 0.0585159 -0.05037514 -0.06354719
vn 0.06486878 -0.0440461 -0.06206442
vn 0.06990112 -0.05218869 -0.0488895
vn 0.07084427 -0.04465168 -0.05465641
vn 0.07595136 -0.03822344 -0.05263428
vn 0.08026786 -0.03824787 -0.04576218
vn 0.07421003 -0.05222196 -0.04202079
vn 0.0801686 -0.04484828 -0.03951751
vn 0.08294802 -0.04450684 -0.03374574
vn 0.06636827 -0.06491015 -0.03717439
vn 0.05693582 -0.07599992 -0.03134222
vn 0.06415569 -0.07075768 -0.02962106
vn 0.06705277 -0.07022589 -0.02392193
vn 0.07312579 -0.05855636 -0.03498258
vn 0.07381039 -0.06387269 -0.02173281
vn 0.07591759 -0.0581154 -0.02931088
vn 0.08186346 -0.05084252 -0.02670991
vn 0.08397882 -0.05001422 -0.02112212
vn 0.07869169 -0.06128071 -0.007232034
vn 0.07979558 -0.05986689 -0.006973486
vn 0.07518664 -0.01589523 -0.06398687
vn 0.08095045 -0.02333206 -0.05387623
vn 0.07916792 -0.01601287 -0.05895791
vn 0.08303866 -0.007841697 -0.05516426
vn 0.07232722 -0.00805307 -0.06858519
vn 0.08017677 -4.520118E-09 -0.05976364
vn 0.0762305 -3.63174E-09 -0.06472185
vn 0.07232722 0.008053064 -0.06858519
vn 0.07518663 0.01589523 -0.06398687
vn 0.08303866 0.007841686 -0.05516426
vn 0.07916792 0.01601286 -0.05895791
vn 0.08095044 0.02333205 -0.05387622
vn 0.08521839 -0.03023775 -0.04270259
vn 0.08790879 -0.03648014 -0.03067981
vn 0.08857889 -0.03124014 -0.03431967
vn 0.09233858 -0.02288935 -0.03081674
vn 0.08897883 -0.04192403 -0.01803194
vn 0.08844633 -0.04653911 -0.003371273
vn 0.09034117 -0.04251984 -0.005526546
vn 0.09401852 -0.03389984 -0.003365057
vn 0.09031799 -0.0371628 -0.02148473
vn 0.09548772 -0.02914586 -0.005711268
vn 0.09403268 -0.02880458 -0.01811515
vn 0.09474616 -0.02357385 -0.02162044
vn 0.09718503 -0.01504758 -0.01812858
vn 0.09779999 -0.02059007 -0.003349131
vn 0.09866663 -0.01525128 -0.005683261
vn 0.09970467 -0.006914797 -0.003341971
vn 0.08516397 -0.02331716 -0.04694054
vn 0.09227975 -0.01597927 -0.03505876
vn 0.08843588 -0.01618789 -0.04378417
vn 0.08724739 -0.007836702 -0.04823365
vn 0.09712311 -0.00814253 -0.02237866
vn 0.09980558 -1.137235E-08 -0.006232957
vn 0.09844053 -1.025216E-08 -0.01759164
vn 0.09712311 0.00814251 -0.02237866
vn 0.0946807 -0.008140747 -0.03113357
vn 0.0946807 0.008140731 -0.03113357
vn 0.09341725 -8.128415E-09 -0.03568223
vn 0.08964943 -6.952362E-09 -0.04430559
vn 0.08724739 0.00783669 -0.04823364
vn 0.09227975 0.01597925 -0.03505876
vn 0.08843587 0.01618788 -0.04378416
vn 0.08516397 0.02331715 -0.04694054
vn 0.08521838 0.03023774 -0.04270258
vn 0.09233857 0.02288933 -0.03081674
vn 0.08857889 0.03124013 -0.03431967
vn 0.08790878 0.03648013 -0.03067981
vn 0.09718502 0.01504756 -0.01812858
vn 0.09970466 0.006914773 -0.00334197
vn 0.09866663 0.01525126 -0.005683258
vn 0.09779998 0.02059005 -0.003349127
vn 0.09474616 0.02357383 -0.02162044
vn 0.09548771 0.02914584 -0.005711264
vn 0.09403267 0.02880456 -0.01811514
vn 0.09031798 0.03716278 -0.02148473
vn 0.08897882 0.04192401 -0.01803193
vn 0.09401851 0.03389982 -0.003365051
vn 0.09034116 0.04251982 -0.005526538
vn 0.08844632 0.04653909 -0.003371265
vn -0.07022586 0.02392194 -0.06705279
vn -0.06491013 0.03717439 -0.06636828
vn -0.07075766 0.02962106 -0.06415571
vn -0.07599989 0.03134222 -0.05693583
vn -0.01614436 0.07592469 -0.0630461
vn -0.008117841 0.083368 -0.05462498
vn -0.01327926 0.08196349 -0.05572844
vn -0.02112212 0.08397884 -0.05001421
vn -0.001850562 0.080012 -0.05995553
vn -0.0267099 0.08186348 -0.05084251
vn -0.02529351 0.08458254 -0.04696852
vn -0.04642997 0.0742671 -0.04825625
vn -0.0416895 0.07510079 -0.05120417
vn -0.03374573 0.08294804 -0.04450683
vn -0.0395175 0.08016863 -0.04484827
vn -0.04576217 0.08026789 -0.03824786
vn -0.05062911 0.0702441 -0.0500247
vn -0.05263426 0.07595139 -0.03822343
vn -0.0546564 0.0708443 -0.04465168
vn -0.0620644 0.0648688 -0.0440461
vn -0.04773563 0.07347164 -0.04819998
vn -0.06354717 0.05851592 -0.05037514
vn -0.06617717 0.05870882 -0.04662473
vn -0.07065885 0.03738652 -0.06007981
vn -0.06486878 0.04404612 -0.06206441
vn -0.06990112 0.0521887 -0.04888948
vn -0.07084427 0.04465169 -0.05465641
vn -0.07595136 0.03822345 -0.05263427
vn -0.08026786 0.03824788 -0.04576218
vn -0.07421003 0.05222197 -0.04202078
vn -0.0801686 0.04484829 -0.0395175
vn -0.08294802 0.04450684 -0.03374573
vn -0.06636827 0.06491016 -0.03717438
vn -0.05693582 0.07599992 -0.03134221
vn -0.06415569 0.07075768 -0.02962104
vn -0.06705277 0.07022589 -0.02392192
vn -0.07312579 0.05855636 -0.03498257
vn -0.07381039 0.06387269 -0.0217328
vn -0.07591759 0.05811541 -0.02931087
vn -0.08186346 0.05084252 -0.0267099
vn -0.08397882 0.05001423 -0.02112211
vn -0.0786911 0.0612812 -0.007234188
vn -0.07979626 0.05986577 -0.00697527
vn 0.005017092 0.08838508 -0.04650715
vn 0.01803192 0.08897885 -0.04192401
vn 0.008207018 0.0901705 -0.04244919
vn 0.005000015 0.0939566 -0.03386986
vn 0.03067979 0.08790881 -0.03648013
vn 0.04270256 0.08521841 -0.03023774
vn 0.03431965 0.08857891 -0.03124013
vn 0.03081672 0.0923386 -0.02288933
vn 0.02148471 0.09031801 -0.03716278
vn 0.02162042 0.09474619 -0.02357383
vn 0.01811513 0.0940327 -0.02880456
vn 0.00845452 0.09529509 -0.02910972
vn 0.004960733 0.09773261 -0.02058487
vn 0.01488597 0.09861213 -0.007352788
vn 0.01333796 0.09883231 -0.007367661
vn 0.009271547 0.09945798 -0.004707053
vn 0.0538762 0.08095046 -0.02333205
vn 0.06056365 0.07914263 -0.008276092
vn 0.06374004 0.07661179 -0.008236859
vn 0.05978673 0.07996707 -0.005551709
vn 0.07686891 0.06370336 -0.00574942
vn 0.06449769 0.07620374 -0.005748338
vn 0.04694051 0.085164 -0.02331715
vn 0.04417225 0.08954346 -0.005548538
vn 0.04001757 0.09126304 -0.008346173
vn 0.03941393 0.09152605 -0.008338545
vn 0.03569226 0.09323154 -0.005826653
vn 0.01747928 0.09828793 -0.005828005
vn 0.07687151 -0.06370025 -0.00574941
vn 0.06056264 -0.07914366 -0.008273954
vn 0.05387622 -0.08095047 -0.02333206
vn 0.0637413 -0.076611 -0.008234702
vn 0.05978977 -0.07996482 -0.005551704
vn 0.06449477 -0.07620624 -0.00574833
vn 0.04270258 -0.08521841 -0.03023775
vn 0.03067981 -0.08790881 -0.03648015
vn 0.03431967 -0.08857892 -0.03124015
vn 0.03081674 -0.0923386 -0.02288935
vn 0.01803194 -0.08897885 -0.04192403
vn 0.005017112 -0.08838508 -0.04650717
vn 0.00820704 -0.0901705 -0.04244921
vn 0.005000037 -0.0939566 -0.03386988
vn 0.02148473 -0.09031801 -0.0371628
vn 0.008454544 -0.09529509 -0.02910974
vn 0.01811515 -0.0940327 -0.02880458
vn 0.02162045 -0.09474619 -0.02357385
vn 0.01488513 -0.09861242 -0.007350768
vn 0.004960756 -0.0977326 -0.02058489
vn 0.01333925 -0.09883229 -0.007365615
vn 0.009274381 -0.09945773 -0.004707058
vn 0.04694053 -0.085164 -0.02331717
vn 0.03941514 -0.09152574 -0.008336399
vn 0.0400165 -0.09126373 -0.008343996
vn 0.04416944 -0.08954487 -0.005548536
vn 0.0174759 -0.09828854 -0.005828002
vn 0.03569534 -0.09323037 -0.00582665
vn -0.008117821 -0.08336798 -0.05462499
vn -0.0167707 -0.07445472 -0.06461616
vn -0.01327924 -0.08196347 -0.05572845
vn -0.0211221 -0.08397883 -0.05001423
vn 0.0001543867 -0.0793491 -0.06085808
vn 0.000570933 -0.09061036 -0.04230185
vn -0.02529353 -0.08458247 -0.04696863
vn -0.02670988 -0.08186346 -0.05084252
vn -0.03374571 -0.08294803 -0.04450684
vn -0.03265686 -0.09055477 -0.02708084
vn -0.03951748 -0.08016861 -0.04484829
vn -0.04576215 -0.08026788 -0.03824788
vn -0.06491012 -0.03717437 -0.06636829
vn -0.07022586 -0.02392191 -0.06705279
vn -0.07075765 -0.02962103 -0.06415571
vn -0.07599989 -0.0313422 -0.05693584
vn -0.06486876 -0.04404609 -0.06206442
vn -0.07595135 -0.03822342 -0.05263428
vn -0.07084426 -0.04465167 -0.05465641
vn -0.06990111 -0.05218868 -0.0488895
vn -0.05851589 -0.05037513 -0.06354719
vn -0.06354716 -0.0585159 -0.05037515
vn -0.05773503 -0.05773504 -0.05773506
vn -0.07877526 -0.03420526 -0.05122951
vn -0.06469609 -0.07078795 -0.02834585
vn -0.06206438 -0.06486878 -0.04404611
vn -0.05465638 -0.07084428 -0.04465169
vn -0.05263424 -0.07595137 -0.03822345
vn -0.05693581 -0.07599991 -0.03134222
vn -0.06636825 -0.06491014 -0.03717439
vn -0.06415568 -0.07075766 -0.02962106
vn -0.06705275 -0.07022587 -0.02392193
vn -0.07421002 -0.05222194 -0.04202079
vn -0.08026785 -0.03824785 -0.04576218
vn -0.0801686 -0.04484826 -0.03951751
vn -0.08294801 -0.04450682 -0.03374574
vn -0.07312577 -0.05855634 -0.03498258
vn -0.08186344 -0.0508425 -0.02670991
vn -0.07591759 -0.05811539 -0.02931088
vn -0.07381038 -0.06387267 -0.02173281
vn -0.07869168 -0.06128069 -0.007232034
vn -0.0839788 -0.0500142 -0.02112212
vn -0.07979556 -0.05986687 -0.006973486
vn -0.07686893 0.06370337 -0.00574942
vn -0.06449771 0.07620376 -0.005748338
vn -0.05978674 0.07996708 -0.005551709
vn -0.06056367 0.07914265 -0.008276092
vn -0.06374005 0.07661181 -0.008236859
vn -0.05387622 0.08095048 -0.02333205
vn -0.04417228 0.08954348 -0.005548538
vn -0.04694053 0.085164 -0.02331715
vn -0.04001759 0.09126305 -0.008346173
vn -0.03941396 0.09152605 -0.008338545
vn -0.03569228 0.09323154 -0.005826653
vn -0.0174793 0.09828793 -0.005828005
vn -0.009271571 0.09945799 -0.004707053
vn -0.014886 0.09861214 -0.007352788
vn -0.01333798 0.09883232 -0.007367661
vn -0.004960756 0.09773261 -0.02058487
vn -0.03081674 0.09233861 -0.02288933
vn -0.04270258 0.08521842 -0.03023774
vn -0.03431967 0.08857892 -0.03124013
vn -0.03067981 0.08790882 -0.03648013
vn -0.02162045 0.09474619 -0.02357383
vn -0.02148473 0.09031802 -0.03716278
vn -0.01811515 0.0940327 -0.02880456
vn -0.008454544 0.09529509 -0.02910972
vn -0.005000037 0.0939566 -0.03386986
vn -0.01803194 0.08897886 -0.04192401
vn -0.00820704 0.09017051 -0.04244919
vn -0.005017112 0.08838508 -0.04650715
vn -0.0768715 -0.06370023 -0.00574941
vn -0.06449475 -0.07620623 -0.00574833
vn -0.06056262 -0.07914364 -0.008273954
vn -0.05978975 -0.0799648 -0.005551704
vn -0.06374129 -0.07661098 -0.008234702
vn -0.0538762 -0.08095045 -0.02333206
vn -0.01747588 -0.09828854 -0.005828002
vn -0.03569531 -0.09323037 -0.00582665
vn -0.04416942 -0.08954486 -0.005548536
vn -0.03941512 -0.09152573 -0.008336399
vn -0.04001648 -0.09126372 -0.008343996
vn -0.04694051 -0.08516399 -0.02331717
vn -0.04270256 -0.08521841 -0.03023775
vn -0.03081672 -0.09233859 -0.02288935
vn -0.03431965 -0.08857891 -0.03124015
vn -0.03067979 -0.0879088 -0.03648015
vn -0.01488511 -0.09861242 -0.007350768
vn -0.009274358 -0.09945773 -0.004707058
vn -0.01333923 -0.09883229 -0.007365615
vn -0.004960733 -0.0977326 -0.02058489
vn -0.02162042 -0.09474618 -0.02357385
vn -0.00845452 -0.09529508 -0.02910974
vn -0.01811513 -0.0940327 -0.02880458
vn -0.02148471 -0.09031801 -0.0371628
vn -0.01803192 -0.08897884 -0.04192403
vn -0.005000015 -0.0939566 -0.03386988
vn -0.008207018 -0.0901705 -0.04244921
vn -0.005017092 -0.08838508 -0.04650717
vn -0.08844633 0.04653911 -0.003371265
vn -0.09401852 0.03389984 -0.003365051
vn -0.09034117 0.04251984 -0.005526538
vn -0.08897883 0.04192403 -0.01803193
vn -0.09779999 0.02059007 -0.003349127
vn -0.09970467 0.006914797 -0.00334197
vn -0.09866663 0.01525128 -0.005683258
vn -0.09718503 0.01504759 -0.01812858
vn -0.09548772 0.02914586 -0.005711264
vn -0.09474616 0.02357385 -0.02162044
vn -0.09403268 0.02880458 -0.01811514
vn -0.09031799 0.0371628 -0.02148473
vn -0.08790879 0.03648015 -0.03067981
vn -0.09233858 0.02288935 -0.03081674
vn -0.08857889 0.03124015 -0.03431967
vn -0.08521839 0.03023776 -0.04270258
vn -0.09970466 -0.006914773 -0.003341971
vn -0.09779998 -0.02059004 -0.003349131
vn -0.09866663 -0.01525125 -0.005683261
vn -0.09718502 -0.01504756 -0.01812858
vn -0.09401851 -0.03389982 -0.003365057
vn -0.08844632 -0.04653909 -0.003371273
vn -0.09034116 -0.04251982 -0.005526546
vn -0.08897882 -0.041924 -0.01803194
vn -0.09548771 -0.02914584 -0.005711268
vn -0.09031798 -0.03716278 -0.02148473
vn -0.09403267 -0.02880456 -0.01811515
vn -0.09474616 -0.02357382 -0.02162044
vn -0.09233857 -0.02288932 -0.03081674
vn -0.08790878 -0.03648013 -0.03067981
vn -0.08857889 -0.03124012 -0.03431967
vn -0.08521838 -0.03023773 -0.04270259
vn -0.09980558 1.242315E-08 -0.006232957
vn -0.09712311 -0.008142507 -0.02237866
vn -0.09844053 1.321789E-08 -0.01759164
vn -0.09712311 0.008142534 -0.02237866
vn -0.09227975 -0.01597925 -0.03505876
vn -0.08516397 -0.02331714 -0.04694054
vn -0.08843587 -0.01618787 -0.04378417
vn -0.08724739 -0.007836682 -0.04823365
vn -0.0946807 -0.008140725 -0.03113357
vn -0.08964943 1.442173E-08 -0.04430559
vn -0.09341725 1.414399E-08 -0.03568223
vn -0.0946807 0.008140753 -0.03113357
vn -0.09227975 0.01597927 -0.03505876
vn -0.08724739 0.007836711 -0.04823364
vn -0.08843588 0.0161879 -0.04378416
vn -0.08516397 0.02331717 -0.04694054
vn -0.08095045 0.02333207 -0.05387622
vn -0.08303866 0.007841706 -0.05516426
vn -0.07916792 0.01601288 -0.05895791
vn -0.07518664 0.01589524 -0.06398686
vn -0.08303866 -0.007841676 -0.05516426
vn -0.08095044 -0.02333204 -0.05387623
vn -0.07916792 -0.01601285 -0.05895791
vn -0.07518663 -0.01589521 -0.06398686
vn -0.08017677 1.459551E-08 -0.05976364
vn -0.07232722 -0.008053053 -0.06858519
vn -0.0762305 1.454303E-08 -0.06472185
vn -0.07232722 0.008053082 -0.06858519
vn 0.01596701 0.008401585 0.09835893
vn 0.006459896 0.004902572 0.09896716
vn 0.02107559 0.02098505 0.09547491
vn 0.0063338 0.008070144 0.09862219
vn 0.0107533 0.01873608 0.0976388
vn 0.002945584 0.006833665 0.09930271
vn 0.004058552 0.01437412 0.09887832
vn 0.001014637 0.007565547 0.09939335
vn -1.919573E-09 0.01610255 0.09869508
vn -0.001352852 0.01012314 0.09919113
vn -0.004058555 0.01437412 0.09887832
vn -0.00225503 0.005345127 0.09941675
vn -0.0107533 0.01873609 0.0976388
vn -0.01018241 0.01282684 0.09769928
vn -0.0210756 0.02098506 0.09547491
vn -0.004168038 0.003054005 0.09936951
vn -0.01596701 0.008401589 0.09835893
vn -0.006808623 0.003222736 0.09941719
vn 1.004859E-15 -8.429373E-09 0.1000001
vn -0.001814672 0.0003400068 0.09996822
vn -0.002814178 -0.0008783502 0.09987091
vn -0.004693317 -0.001691845 0.09975053
vn -0.005930175 -0.004147485 0.09912018
vn -0.02156487 -0.02147143 0.09525725
vn -0.006498132 -0.008324549 0.09854967
vn -0.01108394 -0.01928423 0.097495
vn -0.00306051 -0.006980849 0.0992556
vn -0.004218613 -0.0149453 0.0987869
vn -0.001406204 -0.01052176 0.09912601
vn 1.994037E-09 -0.0167272 0.09859113
vn 0.001054655 -0.007864514 0.09934451
vn 0.004218617 -0.0149453 0.0987869
vn 0.001845939 -0.004380828 0.09953455
vn 0.01108394 -0.01928423 0.097495
vn 0.008007894 -0.01016995 0.09818767
vn 0.02156487 -0.02147144 0.09525725
vn 0.007377642 -0.005048486 0.09890833
vn 0.01635759 -0.008607124 0.09827694
vn 0.004887095 -0.002262892 0.0995563
vn 0.000792405 -4.507485E-05 0.09998903
vn 0.004789989 0.002156787 0.09958164
vn 0.09081197 0.0418711 -5.114771E-07
vn 0.09460496 0.03240221 7.582681E-07
vn 0.09983898 0.005672921 1.40972E-06
vn 0.09983898 -0.005672921 9.84299E-07
vn 0.09460497 -0.03240224 1.313639E-06
vn 0.09081193 -0.04187124 7.387843E-07
vn 0.08815243 -0.04721392 -5.338911E-07
vn 0.0544819 -0.08385542 8.588441E-07
vn 0.06782661 -0.07076708 0.004593564
vn 0.08117132 -0.05767874 0.009186269
vn 0.05253378 -0.0840303 0.01338361
vn 0.03169335 -0.09171984 0.006691631
vn 0.01085293 -0.09940938 -3.504301E-07
vn -0.000194774 -0.09999985 -3.643705E-07
vn 0.005740212 -0.09983516 -1.491532E-07
vn -0.005740184 -0.09983516 -2.146913E-07
vn -0.05131171 -0.08583189 -1.810109E-07
vn -0.03102621 -0.09207075 0.007413875
vn -0.01074072 -0.09830961 0.01482793
vn -0.06022765 -0.078936 0.01190561
vn -0.07087302 -0.06842812 0.005953547
vn -0.08151839 -0.05792025 1.486177E-06
vn -0.08815212 -0.04721448 1.58642E-06
vn -0.09081197 -0.0418711 -5.185361E-07
vn -0.09460496 -0.03240221 7.536395E-07
vn -0.09983898 -0.005672922 1.414318E-06
vn -0.09983898 0.005672921 9.857282E-07
vn -0.09460497 0.03240224 1.319101E-06
vn -0.09081193 0.04187124 7.466627E-07
vn -0.08815239 0.04721401 -5.259317E-07
vn -0.08152164 0.05791572 1.49528E-06
vn -0.01085321 0.09940934 -2.326105E-07
vn 0.0001947295 0.09999985 -3.332824E-07
vn -0.005740212 0.09983516 -1.323222E-07
vn 0.005740108 0.09983516 -1.982758E-07
vn -0.0006301491 0.09999806 -3.057761E-07
vn 0.005107046 0.09967264 -0.001770885
vn 0.01084424 0.09934721 -0.003541464
vn 0.08417074 0.05395915 -0.00192384
vn 0.08284456 0.0559397 -0.0009611715
vn 0.08151839 0.05792025 1.497122E-06
vn 0.08815212 0.04721448 1.59564E-06
vn -7.291359E-05 -4.133712E-06 -0.1
vn 6.597415E-06 -0.0001255084 -0.09999998
vn -0.0008512562 0.0001668586 -0.09999628
vn 0.0005103037 -0.0001435911 -0.09999865
vn 4.305053E-05 -0.0009249278 -0.09999576
vn -0.0003539564 0.0007832188 -0.09999636
vn -0.01085472 -0.09940917 -8.379566E-09
vn 0.01085472 0.09940917 8.379566E-09
vn 0.08151743 -0.05792166 -4.88243E-09
vn -0.0003567436 -0.001099162 -0.09996016
vn -0.0002787777 -0.001560921 -0.09996407
vn -0.001609516 -0.0002444153 -0.09994648
vn -0.006402014 -0.001289587 -0.09978659
vn -0.001186713 -0.0003821969 -0.09994303
vn 0.001691703 -0.0002277411 -0.09998549

usemtl Black
f 132/141/113 131/140/113 130/139/113
f 134/143/114 133/142/114 131/140/114
f 132/141/115 134/143/115 131/140/115
f 135/146/116 134/145/116 132/144/116
f 137/148/117 136/147/117 133/142/117
f 139/150/118 138/149/118 136/147/118
f 137/148/119 139/150/119 136/147/119
f 140/151/120 139/150/120 137/148/120
f 142/153/121 141/152/121 138/149/121
f 144/155/122 143/154/122 141/152/122
f 142/153/122 144/155/122 141/152/122
f 145/156/123 144/155/123 142/153/123
f 139/150/124 142/153/124 138/149/124
f 146/157/125 145/156/125 142/153/125
f 139/150/126 146/157/126 142/153/126
f 140/151/127 146/157/127 139/150/127
f 147/158/128 146/157/128 140/151/128
f 148/161/129 145/160/129 146/159/129
f 147/162/130 148/161/130 146/159/130
f 149/163/131 148/161/131 147/162/131
f 134/143/132 137/148/132 133/142/132
f 150/164/133 140/151/133 137/148/133
f 134/143/134 150/164/134 137/148/134
f 135/165/135 150/164/135 134/143/135
f 151/167/136 147/162/136 140/166/136
f 152/168/137 149/163/137 147/162/137
f 151/167/138 152/168/138 147/162/138
f 153/169/139 152/168/139 151/167/139
f 150/164/140 151/170/140 140/151/140
f 154/171/141 153/169/141 151/167/141
f 150/172/142 154/171/142 151/167/142
f 135/146/143 154/174/143 150/173/143
f 155/175/144 152/168/144 153/169/144
f 156/176/145 149/163/145 152/168/145
f 155/175/146 156/176/146 152/168/146
f 157/177/147 156/176/147 155/175/147
f 158/178/148 155/175/148 153/169/148
f 159/179/149 157/177/149 155/175/149
f 158/178/150 159/179/150 155/175/150
f 160/180/151 159/179/151 158/178/151
f 161/181/152 159/179/152 160/180/152
f 162/182/153 157/177/153 159/179/153
f 161/181/154 162/182/154 159/179/154
f 163/183/155 162/182/155 161/181/155
f 164/184/156 161/181/156 160/180/156
f 165/185/157 163/183/157 161/181/157
f 164/184/158 165/185/158 161/181/158
f 166/186/159 165/185/159 164/184/159
f 169/189/160 168/188/160 167/187/160
f 171/191/161 170/190/161 168/188/161
f 169/189/162 171/191/162 168/188/162
f 172/192/163 171/191/163 169/189/163
f 175/195/164 174/194/164 173/193/164
f 177/198/165 176/197/165 174/196/165
f 175/195/166 177/199/166 174/194/166
f 178/200/167 177/199/167 175/195/167
f 179/201/168 169/189/168 167/187/168
f 180/202/169 172/192/169 169/189/169
f 179/201/170 180/202/170 169/189/170
f 181/203/171 180/202/171 179/201/171
f 182/204/172 179/201/172 167/187/172
f 183/205/173 181/203/173 179/201/173
f 182/204/174 183/205/174 179/201/174
f 184/206/175 183/205/175 182/204/175
f 185/207/176 183/205/176 184/206/176
f 186/208/177 181/203/177 183/205/177
f 185/207/178 186/208/178 183/205/178
f 187/209/179 186/208/179 185/207/179
f 188/210/180 185/207/180 184/206/180
f 189/211/181 187/209/181 185/207/181
f 188/210/182 189/211/182 185/207/182
f 190/212/183 189/211/183 188/210/183
f 191/213/184 188/210/184 184/206/184
f 192/216/185 190/215/185 188/214/185
f 191/213/186 192/217/186 188/210/186
f 176/197/187 192/219/187 191/218/187
f 177/199/188 192/216/188 176/220/188
f 193/221/189 190/215/189 192/216/189
f 177/199/190 193/221/190 192/216/190
f 178/200/191 193/221/191 177/199/191
f 194/222/192 193/221/192 178/200/192
f 195/223/193 190/215/193 193/221/193
f 194/222/194 195/223/194 193/221/194
f 196/224/195 195/223/195 194/222/195
f 197/226/196 189/225/196 190/215/196
f 198/227/197 187/209/197 189/211/197
f 197/228/198 198/227/198 189/211/198
f 199/229/199 198/227/199 197/228/199
f 195/223/200 197/226/200 190/215/200
f 200/231/201 199/230/201 197/226/201
f 195/223/202 200/231/202 197/226/202
f 196/224/203 200/231/203 195/223/203
f 201/232/204 200/231/204 196/224/204
f 202/233/205 199/230/205 200/231/205
f 201/232/206 202/233/206 200/231/206
f 203/234/206 202/233/206 201/232/206
f 204/191/207 175/195/207 173/193/207
f 205/235/208 178/200/208 175/195/208
f 204/191/209 205/235/209 175/195/209
f 206/183/210 205/235/210 204/191/210
f 207/236/211 204/191/211 173/193/211
f 208/189/212 206/183/212 204/191/212
f 207/236/213 208/189/213 204/191/213
f 130/139/214 208/189/214 207/236/214
f 131/140/215 208/189/215 130/139/215
f 209/237/216 206/183/216 208/189/216
f 131/140/217 209/237/217 208/189/217
f 133/142/218 209/237/218 131/140/218
f 210/238/219 194/222/219 178/200/219
f 211/239/220 196/224/220 194/222/220
f 210/238/221 211/239/221 194/222/221
f 212/240/222 211/239/222 210/238/222
f 213/241/223 201/232/223 196/224/223
f 214/242/224 203/234/224 201/232/224
f 213/241/225 214/242/225 201/232/225
f 215/243/226 214/242/226 213/241/226
f 211/239/227 213/241/227 196/224/227
f 216/244/228 215/243/228 213/241/228
f 211/239/229 216/244/229 213/241/229
f 212/240/230 216/244/230 211/239/230
f 217/245/231 216/244/231 212/240/231
f 218/246/232 215/243/232 216/244/232
f 217/245/233 218/246/233 216/244/233
f 219/247/234 218/246/234 217/245/234
f 205/235/235 210/238/235 178/200/235
f 220/248/236 212/240/236 210/238/236
f 205/235/237 220/248/237 210/238/237
f 206/183/238 220/248/238 205/235/238
f 221/249/239 217/245/239 212/240/239
f 222/250/240 219/247/240 217/245/240
f 221/249/241 222/250/241 217/245/241
f 223/251/242 222/250/242 221/249/242
f 220/248/243 221/249/243 212/240/243
f 224/252/244 223/251/244 221/249/244
f 220/248/245 224/252/245 221/249/245
f 206/183/246 224/252/246 220/248/246
f 209/237/247 224/252/247 206/183/247
f 225/253/248 223/251/248 224/252/248
f 209/237/249 225/253/249 224/252/249
f 133/142/250 225/253/250 209/237/250
f 136/147/251 225/253/251 133/142/251
f 226/254/252 223/251/252 225/253/252
f 136/147/253 226/254/253 225/253/253
f 138/149/254 226/254/254 136/147/254
f 227/255/255 222/250/255 223/251/255
f 228/256/256 219/247/256 222/250/256
f 227/255/257 228/256/257 222/250/257
f 229/257/258 228/256/258 227/255/258
f 226/254/259 227/255/259 223/251/259
f 230/258/260 229/257/260 227/255/260
f 226/254/261 230/258/261 227/255/261
f 138/149/262 230/258/262 226/254/262
f 141/152/263 230/258/263 138/149/263
f 231/259/264 229/257/264 230/258/264
f 141/152/265 231/259/265 230/258/265
f 143/154/266 231/259/266 141/152/266
f 234/195/267 233/194/267 232/193/267
f 236/262/268 235/261/268 233/260/268
f 234/195/269 236/199/269 233/194/269
f 237/200/270 236/199/270 234/195/270
f 238/263/271 165/185/271 166/186/271
f 239/264/272 163/183/272 165/185/272
f 238/263/273 239/264/273 165/185/273
f 240/265/274 239/264/274 238/263/274
f 241/266/275 238/263/275 166/186/275
f 242/267/276 240/265/276 238/263/276
f 241/266/277 242/267/277 238/263/277
f 243/268/278 242/267/278 241/266/278
f 244/269/279 242/267/279 243/268/279
f 245/270/280 240/265/280 242/267/280
f 244/269/281 245/270/281 242/267/281
f 246/271/282 245/270/282 244/269/282
f 247/272/283 244/269/283 243/268/283
f 248/273/284 246/271/284 244/269/284
f 247/272/285 248/273/285 244/269/285
f 249/274/286 248/273/286 247/272/286
f 250/275/287 247/272/287 243/268/287
f 251/216/288 249/215/288 247/214/288
f 250/275/289 251/276/289 247/272/289
f 235/261/290 251/278/290 250/277/290
f 236/199/291 251/216/291 235/220/291
f 252/221/292 249/215/292 251/216/292
f 236/199/293 252/221/293 251/216/293
f 237/200/294 252/221/294 236/199/294
f 253/222/295 252/221/295 237/200/295
f 254/223/296 249/215/296 252/221/296
f 253/222/297 254/223/297 252/221/297
f 255/224/298 254/223/298 253/222/298
f 256/226/299 248/225/299 249/215/299
f 257/279/300 246/271/300 248/273/300
f 256/280/301 257/279/301 248/273/301
f 258/281/302 257/279/302 256/280/302
f 254/223/303 256/226/303 249/215/303
f 259/231/304 258/230/304 256/226/304
f 254/223/305 259/231/305 256/226/305
f 255/224/306 259/231/306 254/223/306
f 260/232/307 259/231/307 255/224/307
f 261/282/308 258/230/308 259/231/308
f 260/232/309 261/282/309 259/231/309
f 262/234/309 261/282/309 260/232/309
f 263/283/310 162/182/310 163/183/310
f 264/284/311 157/177/311 162/182/311
f 263/283/312 264/284/312 162/182/312
f 265/285/313 264/284/313 263/283/313
f 266/286/314 156/176/314 157/177/314
f 267/287/315 149/163/315 156/176/315
f 266/286/316 267/287/316 156/176/316
f 268/288/317 267/287/317 266/286/317
f 264/284/318 266/286/318 157/177/318
f 269/289/319 268/288/319 266/286/319
f 264/284/320 269/289/320 266/286/320
f 265/285/321 269/289/321 264/284/321
f 270/290/322 269/289/322 265/285/322
f 271/291/323 268/288/323 269/289/323
f 270/290/324 271/291/324 269/289/324
f 272/247/325 271/291/325 270/290/325
f 273/292/326 148/161/326 149/163/326
f 274/293/327 145/160/327 148/161/327
f 273/292/328 274/293/328 148/161/328
f 275/234/329 274/293/329 273/292/329
f 276/294/330 144/155/330 145/156/330
f 274/293/331 276/295/331 145/160/331
f 267/287/332 273/292/332 149/163/332
f 277/296/333 275/234/333 273/292/333
f 267/287/334 277/296/334 273/292/334
f 268/288/335 277/296/335 267/287/335
f 268/288/336 278/297/336 277/296/336
f 271/291/337 278/297/337 268/288/337
f 279/298/338 199/230/338 202/233/338
f 280/299/339 198/227/339 199/229/339
f 281/300/340 187/209/340 198/227/340
f 280/299/341 281/300/341 198/227/341
f 282/301/342 281/300/342 280/299/342
f 279/302/343 280/299/343 199/229/343
f 283/303/344 186/208/344 187/209/344
f 284/304/345 181/203/345 186/208/345
f 283/303/346 284/304/346 186/208/346
f 285/305/347 284/304/347 283/303/347
f 286/306/348 180/202/348 181/203/348
f 287/307/349 172/192/349 180/202/349
f 286/306/350 287/307/350 180/202/350
f 288/308/351 287/307/351 286/306/351
f 284/304/352 286/306/352 181/203/352
f 289/309/353 288/308/353 286/306/353
f 284/304/354 289/309/354 286/306/354
f 285/305/355 289/309/355 284/304/355
f 290/310/356 289/309/356 285/305/356
f 291/311/357 288/308/357 289/309/357
f 290/310/358 291/311/358 289/309/358
f 292/312/359 291/311/359 290/310/359
f 281/300/360 283/303/360 187/209/360
f 293/313/361 285/305/361 283/303/361
f 281/300/362 293/313/362 283/303/362
f 282/301/363 293/313/363 281/300/363
f 294/314/364 290/310/364 285/305/364
f 293/313/365 294/314/365 285/305/365
f 295/315/366 171/191/366 172/192/366
f 296/316/367 170/190/367 171/191/367
f 295/315/368 296/316/368 171/191/368
f 297/317/369 296/316/369 295/315/369
f 296/316/370 298/318/370 170/190/370
f 300/320/371 299/319/371 298/318/371
f 296/316/372 300/320/372 298/318/372
f 297/317/373 300/320/373 296/316/373
f 301/321/374 300/320/374 297/317/374
f 302/322/375 299/319/375 300/320/375
f 301/321/376 302/322/376 300/320/376
f 303/323/377 302/322/377 301/321/377
f 306/326/378 305/325/378 304/324/378
f 308/140/379 307/139/379 305/141/379
f 306/143/380 308/140/380 305/141/380
f 309/142/381 308/140/381 306/143/381
f 310/164/382 306/143/382 304/165/382
f 311/148/383 309/142/383 306/143/383
f 310/164/384 311/148/384 306/143/384
f 312/151/385 311/148/385 310/164/385
f 313/328/386 310/327/386 304/324/386
f 314/170/387 312/151/387 310/164/387
f 313/331/388 314/330/388 310/329/388
f 299/319/389 314/330/389 313/331/389
f 302/322/390 314/330/390 299/319/390
f 315/333/391 312/332/391 314/330/391
f 302/322/392 315/333/392 314/330/392
f 303/323/393 315/333/393 302/322/393
f 316/334/394 315/333/394 303/323/394
f 317/157/395 312/151/395 315/158/395
f 316/334/396 317/335/396 315/333/396
f 318/336/397 317/335/397 316/334/397
f 319/150/398 311/148/398 312/151/398
f 320/147/399 309/142/399 311/148/399
f 319/150/400 320/147/400 311/148/400
f 321/149/401 320/147/401 319/150/401
f 317/157/402 319/150/402 312/151/402
f 322/153/403 321/149/403 319/150/403
f 317/157/404 322/153/404 319/150/404
f 318/156/405 322/153/405 317/157/405
f 323/337/406 322/153/406 318/156/406
f 324/152/407 321/149/407 322/153/407
f 323/337/408 324/152/408 322/153/408
f 325/154/408 324/152/408 323/337/408
f 258/230/409 261/282/409 326/298/409
f 327/339/410 258/281/410 326/338/410
f 329/340/411 327/339/411 328/154/411
f 257/279/412 258/281/412 327/339/412
f 329/340/413 257/279/413 327/339/413
f 246/271/414 257/279/414 329/340/414
f 330/259/415 329/340/415 328/154/415
f 331/341/416 246/271/416 329/340/416
f 330/259/417 331/341/417 329/340/417
f 332/342/418 331/341/418 330/259/418
f 333/343/419 332/342/419 330/259/419
f 334/344/420 332/342/420 333/343/420
f 270/290/421 334/344/421 272/247/421
f 335/345/422 332/342/422 334/344/422
f 270/290/423 335/345/423 334/344/423
f 265/285/424 335/345/424 270/290/424
f 336/346/425 331/341/425 332/342/425
f 245/270/426 246/271/426 331/341/426
f 336/346/427 245/270/427 331/341/427
f 240/265/428 245/270/428 336/346/428
f 335/345/429 336/346/429 332/342/429
f 337/347/430 240/265/430 336/346/430
f 335/345/431 337/347/431 336/346/431
f 265/285/432 337/347/432 335/345/432
f 263/283/433 337/347/433 265/285/433
f 239/264/434 240/265/434 337/347/434
f 263/283/435 239/264/435 337/347/435
f 163/183/436 239/264/436 263/283/436
f 318/156/437 338/294/437 323/337/437
f 318/336/438 339/349/438 338/348/438
f 316/334/439 339/349/439 318/336/439
f 341/351/440 340/350/440 339/349/440
f 316/334/441 341/351/441 339/349/441
f 303/323/442 341/351/442 316/334/442
f 344/354/443 343/353/443 342/352/443
f 345/355/444 344/354/444 342/352/444
f 341/351/445 345/355/445 340/350/445
f 346/356/446 344/354/446 345/355/446
f 341/351/447 346/356/447 345/355/447
f 303/323/448 346/356/448 341/351/448
f 301/321/449 346/356/449 303/323/449
f 347/357/450 344/354/450 346/356/450
f 301/321/451 347/357/451 346/356/451
f 297/317/452 347/357/452 301/321/452
f 348/358/453 343/353/453 344/354/453
f 291/311/454 292/312/454 343/353/454
f 348/358/455 291/311/455 343/353/455
f 288/308/456 291/311/456 348/358/456
f 347/357/457 348/358/457 344/354/457
f 349/359/458 288/308/458 348/358/458
f 347/357/459 349/359/459 348/358/459
f 297/317/460 349/359/460 347/357/460
f 295/315/461 349/359/461 297/317/461
f 287/307/462 288/308/462 349/359/462
f 295/315/463 287/307/463 349/359/463
f 172/192/464 287/307/464 295/315/464
f 260/232/465 350/242/465 262/234/465
f 352/241/466 351/243/466 350/242/466
f 260/232/467 352/241/467 350/242/467
f 255/224/468 352/241/468 260/232/468
f 354/244/469 353/246/469 351/243/469
f 356/245/470 355/247/470 353/246/470
f 354/244/471 356/245/471 353/246/471
f 357/240/472 356/245/472 354/244/472
f 352/241/473 354/244/473 351/243/473
f 358/239/474 357/240/474 354/244/474
f 352/241/475 358/239/475 354/244/475
f 255/224/476 358/239/476 352/241/476
f 253/222/477 358/239/477 255/224/477
f 359/238/478 357/240/478 358/239/478
f 253/222/479 359/238/479 358/239/479
f 237/200/480 359/238/480 253/222/480
f 361/250/481 360/256/481 355/247/481
f 363/255/482 362/257/482 360/256/482
f 361/250/483 363/255/483 360/256/483
f 364/251/484 363/255/484 361/250/484
f 366/258/485 365/259/485 362/257/485
f 324/152/486 325/154/486 365/259/486
f 366/258/487 324/152/487 365/259/487
f 321/149/488 324/152/488 366/258/488
f 363/255/489 366/258/489 362/257/489
f 367/254/490 321/149/490 366/258/490
f 363/255/491 367/254/491 366/258/491
f 364/251/492 367/254/492 363/255/492
f 368/253/493 367/254/493 364/251/493
f 320/147/494 321/149/494 367/254/494
f 368/253/495 320/147/495 367/254/495
f 309/142/496 320/147/496 368/253/496
f 356/245/497 361/250/497 355/247/497
f 369/249/498 364/251/498 361/250/498
f 356/245/499 369/249/499 361/250/499
f 357/240/500 369/249/500 356/245/500
f 370/252/501 368/253/501 364/251/501
f 371/237/502 309/142/502 368/253/502
f 370/252/503 371/237/503 368/253/503
f 372/183/504 371/237/504 370/252/504
f 369/249/505 370/252/505 364/251/505
f 373/248/506 372/183/506 370/252/506
f 369/249/507 373/248/507 370/252/507
f 357/240/508 373/248/508 369/249/508
f 359/238/509 373/248/509 357/240/509
f 374/235/510 372/183/510 373/248/510
f 359/238/511 374/235/511 373/248/511
f 237/200/512 374/235/512 359/238/512
f 234/195/513 374/235/513 237/200/513
f 375/191/514 372/183/514 374/235/514
f 234/195/515 375/191/515 374/235/515
f 232/193/516 375/191/516 234/195/516
f 376/189/517 371/237/517 372/183/517
f 308/140/518 309/142/518 371/237/518
f 376/189/519 308/140/519 371/237/519
f 307/139/520 308/140/520 376/189/520
f 375/191/521 376/189/521 372/183/521
f 377/236/522 307/139/522 376/189/522
f 375/191/523 377/236/523 376/189/523
f 232/193/524 377/236/524 375/191/524
f 228/405/564 218/403/543 219/404/543
f 218/403/543 228/405/564 214/401/563
f 218/403/543 214/401/563 215/402/543
f 228/405/564 202/399/561 214/401/563
f 231/407/565 202/399/561 228/405/564
f 202/399/561 231/407/565 144/361/526
f 202/399/561 144/361/526 280/397/559
f 202/399/561 280/397/559 279/398/560
f 144/361/526 293/395/557 280/397/559
f 144/361/526 274/363/528 293/395/557
f 144/361/526 276/362/527 274/363/528
f 274/363/528 261/375/540 293/395/557
f 277/365/530 261/375/540 274/363/528
f 261/375/540 277/365/530 330/371/536
f 330/371/536 327/373/538 261/375/540
f 327/373/538 330/371/536 328/372/537
f 261/375/540 327/373/538 326/374/539
f 271/367/532 330/371/536 277/365/530
f 271/367/532 334/369/534 330/371/536
f 334/369/534 271/367/532 272/368/533
f 330/371/536 334/369/534 333/370/535
f 277/365/530 278/366/531 271/367/532
f 274/363/528 275/364/529 277/365/530
f 293/395/557 261/375/540 339/387/549
f 345/389/551 293/395/557 339/387/549
f 290/393/555 293/395/557 345/389/551
f 294/394/556 293/395/557 290/393/555
f 345/389/551 343/391/553 290/393/555
f 342/390/552 343/391/553 345/389/551
f 343/391/553 292/392/554 290/393/555
f 345/389/551 339/387/549 340/388/550
f 339/387/549 261/375/540 323/385/547
f 323/385/547 338/386/548 339/387/549
f 261/375/540 353/379/544 323/385/547
f 350/377/542 353/379/544 261/375/540
f 353/379/544 350/377/542 351/378/543
f 350/377/542 261/375/540 262/376/541
f 323/385/547 353/379/544 355/380/544
f 360/381/545 323/385/547 355/380/544
f 325/384/546 323/385/547 360/381/545
f 360/381/545 365/383/543 325/384/546
f 362/382/543 365/383/543 360/381/545
f 282/396/558 280/397/559 293/395/557
f 231/407/565 143/360/525 144/361/526
f 228/405/564 229/406/543 231/407/565
f 202/399/561 203/400/562 214/401/563
f 463/534/609 461/527/608 465/540/608
f 465/540/608 461/527/608 459/523/609
f 466/542/609 465/540/608 459/523/609
f 459/523/609 457/518/609 466/542/609
f 466/542/609 457/518/609 455/513/609
f 468/548/609 466/542/609 455/513/609
f 449/500/609 453/508/609 451/504/609
f 455/513/609 453/508/609 449/500/609
f 468/548/609 455/513/609 449/500/609
f 468/548/609 449/500/609 447/496/609
f 468/548/609 447/496/609 444/490/608
f 446/494/608 443/488/608 445/492/608
f 470/556/622 468/548/609 472/561/621
f 472/561/621 471/558/619 473/617/620
f 462/537/609 464/538/612 467/552/609
f 467/552/609 460/530/618 462/537/609
f 460/530/618 467/552/609 458/521/617
f 467/552/609 456/516/609 458/521/617
f 469/616/609 456/516/609 467/552/609
f 450/502/609 452/506/609 454/510/608
f 454/510/608 456/516/609 450/502/609
f 456/516/609 469/616/609 450/502/609
f 450/502/609 469/616/609 471/558/619
f 448/498/608 450/502/609 471/558/619
f 472/561/621 448/498/608 471/558/619
f 468/548/609 448/498/608 472/561/621
f 468/548/609 446/494/608 448/498/608
f 443/488/608 446/494/608 468/548/609
f 468/548/609 444/490/608 443/488/608
f 444/490/608 442/487/608 443/488/608
f 378/410/566 304/408/566 305/409/566
f 305/409/566 379/411/566 378/410/566
f 379/414/567 305/412/567 307/413/567
f 307/413/567 380/415/567 379/414/567
f 380/418/568 307/416/568 377/417/568
f 377/417/568 381/419/568 380/418/568
f 381/422/569 377/420/569 232/421/569
f 232/421/569 382/423/569 381/422/569
f 382/426/570 232/424/570 233/425/570
f 233/425/570 383/427/570 382/426/570
f 383/411/571 233/409/571 235/428/571
f 235/428/571 384/429/571 383/411/571
f 384/432/572 235/430/572 250/431/572
f 250/431/572 385/433/572 384/432/572
f 385/418/574 250/434/573 243/435/574
f 243/435/574 386/436/575 385/418/574
f 386/439/577 243/437/576 241/438/577
f 241/438/577 387/440/578 386/439/577
f 387/443/579 241/441/579 166/442/579
f 166/442/579 388/444/579 387/443/579
f 388/418/580 166/445/580 164/446/580
f 164/446/580 389/447/580 388/418/580
f 389/450/581 164/448/581 160/449/581
f 160/449/581 390/423/581 389/450/581
f 390/453/579 160/451/579 158/452/579
f 158/452/579 391/454/579 390/453/579
f 391/457/583 158/455/582 153/456/583
f 153/456/583 392/458/584 391/457/583
f 392/461/586 153/459/585 154/460/586
f 154/460/586 393/462/587 392/461/586
f 393/465/588 154/463/588 135/464/588
f 135/464/588 394/466/588 393/465/588
f 394/410/589 135/408/589 132/409/589
f 132/409/589 395/411/589 394/410/589
f 395/414/590 132/412/590 130/413/590
f 130/413/590 396/415/590 395/414/590
f 396/418/591 130/416/591 207/417/591
f 207/417/591 397/419/591 396/418/591
f 397/422/592 207/420/592 173/421/592
f 173/421/592 398/423/592 397/422/592
f 398/426/593 173/424/593 174/425/593
f 174/425/593 399/427/593 398/426/593
f 399/411/594 174/409/594 176/428/594
f 176/428/594 400/429/594 399/411/594
f 400/432/595 176/430/595 191/467/595
f 191/467/595 401/433/595 400/432/595
f 401/453/596 191/468/596 184/469/596
f 184/469/596 402/470/596 401/453/596
f 402/473/597 184/471/597 182/472/597
f 182/472/597 403/474/597 402/473/597
f 403/443/598 182/441/598 167/442/598
f 167/442/598 404/444/598 403/443/598
f 404/418/599 167/445/599 168/446/599
f 168/446/599 405/447/599 404/418/599
f 405/450/600 168/448/600 170/475/600
f 170/475/600 406/423/600 405/450/600
f 406/453/598 170/476/598 298/452/598
f 298/452/598 407/454/598 406/453/598
f 407/479/602 298/477/601 299/478/602
f 299/478/602 408/480/603 407/479/602
f 408/483/605 299/481/604 313/482/605
f 313/482/605 409/484/606 408/483/605
f 409/465/607 313/463/607 304/464/607
f 304/464/607 378/466/607 409/465/607
f 410/487/608 396/485/608 397/486/608
f 397/486/608 411/488/608 410/487/608
f 412/490/608 395/489/608 396/485/608
f 396/485/608 410/487/608 412/490/608
f 411/488/608 397/486/608 398/491/608
f 398/491/608 413/492/608 411/488/608
f 413/492/608 398/491/608 399/493/608
f 399/493/608 414/494/608 413/492/608
f 415/496/608 394/495/608 395/489/608
f 395/489/608 412/490/608 415/496/608
f 414/494/608 399/493/608 400/497/608
f 400/497/608 416/498/608 414/494/608
f 417/500/609 393/499/609 394/495/609
f 394/495/609 415/496/609 417/500/609
f 416/498/608 400/497/608 401/501/608
f 401/501/608 418/502/608 416/498/608
f 419/504/609 392/503/609 393/499/609
f 393/499/609 417/500/609 419/504/609
f 418/502/608 401/501/608 402/505/608
f 402/505/608 420/506/608 418/502/608
f 421/508/608 391/507/608 392/503/608
f 392/503/608 419/504/608 421/508/608
f 420/506/608 402/505/608 403/509/608
f 403/509/608 422/510/608 420/506/608
f 423/513/608 390/511/608 391/512/608
f 391/512/608 421/508/608 423/513/608
f 422/510/608 403/514/608 404/515/608
f 404/515/608 424/516/608 422/510/608
f 425/518/609 389/517/609 390/511/609
f 390/511/609 423/513/609 425/518/609
f 424/516/609 404/519/609 405/520/609
f 405/520/609 426/521/609 424/516/609
f 427/523/609 388/522/609 389/517/609
f 389/517/609 425/518/609 427/523/609
f 426/521/610 405/520/610 406/524/610
f 406/524/610 428/525/610 426/521/610
f 429/527/608 387/526/608 388/522/608
f 388/522/608 427/523/608 429/527/608
f 428/530/611 406/528/611 407/529/611
f 407/529/611 430/531/611 428/530/611
f 431/534/608 386/532/608 387/533/608
f 387/533/608 429/527/608 431/534/608
f 430/537/608 407/535/608 408/536/608
f 408/536/608 432/538/608 430/537/608
f 433/540/608 385/539/608 386/532/608
f 386/532/608 431/534/608 433/540/608
f 434/542/608 384/541/608 385/539/608
f 385/539/608 433/540/608 434/542/608
f 432/545/609 408/543/609 409/544/609
f 409/544/609 435/546/609 432/545/609
f 436/548/609 383/547/609 384/541/609
f 384/541/609 434/549/609 436/548/609
f 435/552/609 409/550/609 378/551/609
f 378/551/609 437/553/609 435/552/609
f 438/556/609 382/554/609 383/555/609
f 383/555/609 436/548/609 438/556/609
f 437/553/609 378/551/609 379/557/609
f 379/557/609 439/558/609 437/553/609
f 440/561/609 381/559/609 382/560/609
f 382/560/609 438/556/609 440/561/609
f 441/563/612 380/562/612 381/559/612
f 381/559/612 440/561/612 441/563/612
f 439/565/613 379/557/613 380/564/613
f 380/564/613 441/566/613 439/565/613
f 442/568/591 410/567/591 411/419/591
f 411/419/591 443/569/591 442/568/591
f 444/572/590 412/570/590 410/571/590
f 410/571/590 442/573/590 444/572/590
f 443/575/592 411/422/592 413/574/592
f 413/574/592 445/576/592 443/575/592
f 445/572/593 413/570/593 414/571/593
f 414/571/593 446/573/593 445/572/593
f 447/578/589 415/577/589 412/411/589
f 412/411/589 444/579/589 447/578/589
f 446/579/594 414/411/594 416/580/594
f 416/580/594 448/581/594 446/579/594
f 449/584/588 417/582/588 415/583/588
f 415/583/588 447/585/588 449/584/588
f 448/588/595 416/586/595 418/587/595
f 418/587/595 450/589/595 448/588/595
f 451/592/587 419/590/587 417/591/587
f 417/591/587 449/593/587 451/592/587
f 450/596/596 418/594/596 420/595/596
f 420/595/596 452/597/596 450/596/596
f 453/600/614 421/598/614 419/599/614
f 419/599/614 451/601/614 453/600/614
f 452/604/597 420/602/597 422/603/597
f 422/603/597 454/605/597 452/604/597
f 455/596/579 423/594/579 421/606/579
f 421/606/579 453/607/579 455/596/579
f 454/609/598 422/608/598 424/591/598
f 424/591/598 456/593/598 454/609/598
f 457/575/581 425/422/581 423/610/581
f 423/610/581 455/611/581 457/575/581
f 456/613/599 424/612/599 426/419/599
f 426/419/599 458/569/599 456/613/599
f 459/613/580 427/612/580 425/419/580
f 425/419/580 457/569/580 459/613/580
f 458/575/600 426/422/600 428/610/600
f 428/610/600 460/611/600 458/575/600
f 461/609/579 429/608/579 427/591/579
f 427/591/579 459/593/579 461/609/579
f 460/596/598 428/594/598 430/606/598
f 430/606/598 462/607/598 460/596/598
f 463/604/578 431/602/578 429/603/578
f 429/603/578 461/605/578 463/604/578
f 462/600/615 430/598/615 432/599/615
f 432/599/615 464/601/615 462/600/615
f 465/596/616 433/594/616 431/595/616
f 431/595/616 463/597/616 465/596/616
f 466/588/572 434/586/572 433/587/572
f 433/587/572 465/589/572 466/588/572
f 464/592/606 432/590/606 435/591/606
f 435/591/606 467/593/606 464/592/606
f 468/579/571 436/411/571 434/580/571
f 434/580/571 466/581/571 468/579/571
f 467/584/607 435/582/607 437/583/607
f 437/583/607 469/585/607 467/584/607
f 470/572/570 438/570/570 436/571/570
f 436/571/570 468/573/570 470/572/570
f 469/578/566 437/577/566 439/411/566
f 439/411/566 471/579/566 469/578/566
f 472/575/569 440/422/569 438/574/569
f 438/574/569 470/576/569 472/575/569
f 473/614/568 441/567/568 440/419/568
f 440/419/568 472/569/568 473/614/568
f 471/572/567 439/570/567 441/571/567
f 441/571/567 473/615/567 471/572/567

g Switch
v 0.005708695 0.0001887439 -0.01578295
v 0.007685662 0.002935662 -0.01247001
v 0.003484726 0.005316653 -0.01535572
v 0.008081183 0.004994447 -0.007720006
v 0.00475 0.007685665 -0.01065567
v -9.633524E-10 0.008081187 -0.01271445
v 0.005107881 0.0001876832 -0.05246986
v 0.003133774 0.004748156 -0.05209222
v 3.433228E-05 1.983349E-05 -0.05368675
v -0.002853395 0.005316654 -0.01535572
v -0.002502442 0.004748157 -0.05209222
v -0.004486085 0.0001876843 -0.05246986
v 0.003133775 -0.004371834 -0.05209219
v -0.002502441 -0.004371833 -0.05209219
v 0.003484727 -0.004938924 -0.01535569
v -0.002853393 -0.004938923 -0.01535569
v 9.633522E-10 -0.008081186 -0.01271445
v 0.007685663 -0.002935663 -0.01247001
v 0.004750002 -0.007685665 -0.01065567
v 0.008081184 -0.004994448 -0.007720006
v 0.009500002 -5.786783E-10 -0.007720006
v -0.005077363 0.0001887452 -0.01578295
v -0.007685663 0.002935664 -0.01247001
v -0.004750002 0.007685666 -0.01065567
v -0.008081184 0.004994449 -0.007720006
v -1.132489E-09 0.009500005 -0.007720006
v 0.00475 0.007685665 -0.004784343
v -9.633524E-10 0.008081187 -0.002725558
v 0.007685662 0.002935662 -0.002970003
v 0.007685663 -0.002935663 -0.002970003
v 0.004994446 -4.157434E-11 0.0003611807
v 0.004750002 -0.007685665 -0.004784343
v 1.132489E-09 -0.009500003 -0.007720006
v 9.633522E-10 -0.008081186 -0.002725558
v -0.00475 -0.007685664 -0.01065567
v -0.007685662 -0.002935661 -0.01247001
v -0.008081183 -0.004994446 -0.007720006
v -0.004994446 1.149194E-09 0.0003611807
v -0.007685663 0.002935664 -0.002970003
v -0.002935662 0.004750003 -3.434026E-05
v -0.004750002 0.007685666 -0.004784343
v -6.601928E-17 5.538099E-10 0.001779999
v 0.002935661 0.004750002 -3.434026E-05
v -0.002935661 -0.004750001 -3.434026E-05
v 0.002935662 -0.004750002 -3.434026E-05
v -0.007685662 -0.002935661 -0.002970003
v -0.00475 -0.007685664 -0.004784343
v -0.009500002 1.686298E-09 -0.007720006
v 0.003484726 0.005316651 -0.01626934
v -0.002853395 0.005316651 -0.01626934
v 0.003484727 -0.004938927 -0.01626931
v 0.005708695 0.0001887413 -0.01669657
v -0.005077363 0.0001887425 -0.01669657
v -0.002853393 -0.004938926 -0.01626931
v 0.002668381 0.003998906 -0.01786293
v -0.002040864 0.003998907 -0.01786293
v 0.002668382 -0.003620715 -0.0178629
v 0.004318238 0.0001887371 -0.01817954
v -0.003696442 0.000188738 -0.01817954
v -0.002040863 -0.003620714 -0.0178629

vt -0.0549118 0.00075126
vt -0.07555976 0.02866859
vt -0.03279423 0.05209272
vt -0.02935661 0.04836461
vt -0.04994445 0.0009122824
vt -0.07685661 0.02989097
vt 0.07676984 0.0481791
vt 0.0472735 0.03114994
vt 0.03469057 0.07758246
vt -0.0002379387 0.05182141
vt 0.05212425 -0.07705139
vt 0.07048748 -0.03072049
vt 0.1042978 -0.07875662
vt 0.001334725 0.08011349
vt 0.03056432 0.05211614
vt -0.03133774 -0.09679855
vt 0.02502441 -0.09679855
vt -0.0003433228 -0.146698
vt -0.1167885 -0.08291942
vt -0.08820869 -0.03478763
vt -0.06997618 -0.08121079
vt 0.05734611 0.08264688
vt 0.1095196 0.08094022
vt 0.07561258 0.03628713
vt -0.122933 0.08533134
vt -0.0761207 0.08704174
vt -0.09423123 0.04058021
vt -0.0003433228 0.1570647
vt 0.02502441 0.1103429
vt -0.03133774 0.1103429
vt -0.03279424 -0.05045319
vt 0.03056432 -0.05042976
vt 0.001334725 -0.08149469
vt -0.07555976 -0.03003901
vt -0.03469874 0.07685381
vt 0.0002427604 0.05075976
vt -0.04726891 0.03013439
vt -0.07676809 0.04779701
vt 0.02935661 0.04836461
vt 0.07685661 0.02989097
vt 0.04994445 0.0009122824
vt -0.00188744 0.08126874
vt 0 0.001072452
vt 0.05291024 0.0007911316
vt 0.07809856 0.02872541
vt -0.02869035 0.0775781
vt -0.04772609 0.0311434
vt -0.07694272 0.04816851
vt 0.02935661 0.04757407
vt 0.07685661 0.02940239
vt 0.04994445 7.790326E-05
vt -0.0002797137 0.002222565
vt 0.08066442 0.001174038
vt 0.0472735 -0.02754721
vt -0.0002379387 -0.04804016
vt -0.02935661 -0.04662934
vt 0.02935661 -0.04662934
vt 0 -0.08024285
vt -0.08066142 0.000507927
vt -0.04726891 -0.02857582
vt 0.000285382 0.0009614613
vt 0.0002427604 -0.04912402
vt 0.02868217 0.07685188
vt 0.04773067 0.0301315
vt 0.07809856 -0.02998219
vt 0.07694446 0.04779233
vt -0.07685661 0.02940239
vt -0.02935661 0.04757407
vt -0.04994445 7.790326E-05
vt 0.02935661 -0.04742589
vt 0.07685661 -0.02931081
vt -0.07694272 -0.04680548
vt -0.04772609 -0.02755376
vt -0.02949634 -0.07572632
vt 1.111012E-09 8.332591E-10
vt 5.840936E-10 0.08081182
vt -0.02935661 -0.0475
vt 0.02935661 -0.0475
vt 5.840936E-10 -0.08081182
vt -0.07685661 -0.02935661
vt 0.02949917 -0.07637283
vt 0.04773067 -0.02857871
vt 0.07694446 -0.04720279
vt -0.02935661 -0.04742589
vt -0.08095853 0.001162905
vt 0.02921663 -0.07572227
vt 0.07676984 -0.0467949
vt -0.07685661 -0.02881852
vt -0.02921379 -0.07637105
vt -0.07676809 -0.04719812
vt 0.07685661 -0.02881852
vt 0.0809615 0.0005030132
vt 0.00188744 0.08067834
vt 0.03484726 0.07635696
vt -0.02853394 0.07635696
vt 0.03484726 0.08549316
vt -0.02853394 0.08549316
vt 0.03144506 0.07635687
vt -0.0244468 0.08062948
vt 0.03144508 0.08549307
vt -0.02444678 0.08976568
vt 0.02098273 0.08062936
vt -0.03491134 0.07635705
vt 0.02098275 0.08976556
vt -0.03491132 0.08549325
vt 0.02193469 0.08062948
vt -0.03395716 0.07635687
vt 0.02193467 0.08976568
vt -0.03395719 0.08549307
vt 0.03742335 0.07635706
vt -0.01847072 0.08062937
vt 0.03742332 0.08549326
vt -0.01847074 0.08976557
vt 0.02853394 0.07635695
vt 0.02853394 0.08549315
vt 0.03484726 0.03200493
vt -0.02853394 0.03200493
vt 0.02668381 0.05268333
vt -0.02040863 0.05268333
vt 0.02809476 0.03144386
vt -0.02768371 0.03700418
vt 0.02007813 0.05218265
vt -0.02135005 0.05632099
vt 0.0243292 0.03580107
vt -0.031451 0.03023615
vt 0.01799419 0.05511745
vt -0.02344005 0.0509741
vt 0.02479526 0.04079843
vt -0.03098422 0.03524832
vt 0.01850856 0.06006211
vt -0.02294642 0.05596391
vt 0.03434332 0.03407399
vt -0.02143802 0.03962746
vt 0.02631075 0.05478859
vt -0.0151504 0.05889083
vt 0.02853394 0.03439586
vt -0.03484726 0.03439586
vt 0.02040863 0.0550773
vt -0.02668381 0.0550773
vt 0.02668381 0.10228
vt -0.02040863 0.10228
vt 0.03133774 0.4446547
vt -0.02502441 0.4446547
vt 0.02268291 0.1022284
vt -0.01883081 0.1053954
vt 0.02773757 0.4445978
vt -0.02194766 0.4483752
vt 0.01536193 0.1054256
vt -0.02615838 0.1022588
vt 0.01849765 0.4484052
vt -0.03119635 0.4446281
vt 0.01641092 0.1052733
vt -0.02512559 0.1021063
vt 0.01953695 0.448253
vt -0.0301862 0.4444751
vt 0.02859868 0.1021356
vt -0.0129444 0.1053024
vt 0.03364259 0.4445043
vt -0.01608933 0.448282
vt 0.02040863 0.1021989
vt -0.02668381 0.1021989
vt 0.02502441 0.444574

vn 0.06558228 0.03405617 -0.0673732
vn 0.07487835 0.05831289 -0.0315094
vn 0.06573553 0.05868446 -0.04727558
vn 0.02815566 0.08242552 -0.04912535
vn 0.0224058 0.01763584 -0.09584867
vn -8.235022E-09 0.06908038 -0.0723043
vn -3.809315E-09 0.03195485 -0.09475705
vn -0.02488828 0.01869487 -0.09503203
vn 0.02350423 -0.01808688 -0.09550092
vn -0.02617457 -0.01922153 -0.09458031
vn 4.068456E-09 -0.03412869 -0.09399597
vn 7.670408E-09 -0.06434406 -0.07654967
vn 0.0636701 -0.03340599 -0.0694994
vn 0.02996281 -0.07863718 -0.05402254
vn 0.06299622 -0.05846167 -0.05112456
vn 0.07487836 -0.05831291 -0.0315094
vn 0.08587255 -1.02368E-08 -0.05124364
vn 0.09435224 -0.02680352 -0.01947388
vn 0.09341725 -1.11362E-08 -0.03568223
vn 0.09435223 0.0268035 -0.01947388
vn -0.05970258 0.03202115 -0.07355446
vn -0.02929459 0.0801072 -0.05219841
vn -0.06087355 0.05821195 -0.05390537
vn -0.07487836 0.05831291 -0.0315094
vn 0.01947386 0.09435226 -0.02680351
vn 0.06284284 0.07778678 4.957427E-31
vn 0.03568221 0.09341727 2.814831E-31
vn 0.01947386 0.09435226 0.02680351
vn 0.09435223 0.0268035 0.01947388
vn 0.09435224 -0.02680352 0.01947388
vn 0.09341725 -1.11362E-08 0.03568223
vn 0.07778677 -9.272903E-09 0.06284288
vn 0.06284286 -0.0777868 4.957427E-31
vn 0.01947388 -0.09435227 -0.02680351
vn 0.03568223 -0.09341728 2.814831E-31
vn 0.01947388 -0.09435227 0.02680351
vn -0.03103616 -0.07608546 -0.05698919
vn -0.05793396 -0.03139476 -0.0752199
vn -0.05814966 -0.05780488 -0.05724699
vn -0.07487836 -0.0583129 -0.0315094
vn -0.05831289 0.03150941 0.07487839
vn -0.07487836 0.05831291 0.0315094
vn -0.05773504 0.05773506 0.05773506
vn -0.0315094 0.07487839 0.05831291
vn -0.0268035 0.01947388 0.09435228
vn -7.491453E-09 0.06284287 0.07778679
vn -4.253652E-09 0.03568223 0.09341729
vn 0.0268035 0.01947388 0.09435228
vn -0.0268035 -0.01947388 0.09435228
vn 0.0268035 -0.01947388 0.09435228
vn 4.253652E-09 -0.03568223 0.09341729
vn 7.491453E-09 -0.06284287 0.07778679
vn -0.05831288 -0.03150939 0.07487839
vn -0.03150938 -0.07487839 0.05831291
vn -0.05773503 -0.05773504 0.05773506
vn -0.07487835 -0.05831289 0.0315094
vn -0.07778677 9.272903E-09 0.06284288
vn -0.09435223 -0.0268035 0.01947388
vn -0.09341725 1.11362E-08 0.03568223
vn -0.09435224 0.02680352 0.01947388
vn -0.01947388 0.09435227 0.02680351
vn -0.06284286 0.0777868 -4.957427E-31
vn -0.03568223 0.09341728 -2.814831E-31
vn -0.01947388 0.09435227 -0.02680351
vn 0.05831288 0.03150939 0.07487839
vn 0.03150938 0.07487839 0.05831291
vn 0.05773503 0.05773504 0.05773506
vn 0.07487835 0.05831289 0.0315094
vn 0.0315094 -0.07487839 0.05831291
vn 0.05831289 -0.03150941 0.07487839
vn 0.05773504 -0.05773506 0.05773506
vn 0.07487837 -0.05831292 0.0315094
vn -0.06284284 -0.07778678 -4.957427E-31
vn -0.01947386 -0.09435226 0.02680351
vn -0.03568221 -0.09341727 -2.814831E-31
vn -0.01947386 -0.09435226 -0.02680351
vn -0.09435224 0.02680352 -0.01947388
vn -0.09435223 -0.0268035 -0.01947388
vn -0.09341725 1.11362E-08 -0.03568223
vn -0.07857106 9.366398E-09 -0.06185948
vn -1.192093E-08 0.1 -2.854255E-07
vn 0.09174266 -0.03979059 1.135724E-07
vn 0.09174333 0.03978901 -1.16103E-07
vn -0.09174265 -0.03979057 1.161075E-07
vn -0.09174334 0.03978903 -1.13568E-07
vn 1.192093E-08 -0.1 2.854255E-07
vn -9.186891E-09 0.07706524 -0.06372566
vn 0.06840652 -0.03500167 -0.06399561
vn 0.06838033 -0.03496628 -0.0640429
vn 0.06834116 0.03497817 -0.06407823
vn 0.06845205 0.03495648 -0.06397162
vn -0.0685422 -0.03504635 -0.06382575
vn -0.06849948 -0.03505469 -0.063867
vn -0.06849327 0.03502832 -0.06388816
vn -0.06851289 0.03505486 -0.06385254
vn 9.185586E-09 -0.07705429 -0.06373889
vn -1.191808E-08 0.0999761 0.002188392
vn 0.09180702 -0.0395853 0.00211689
vn 0.09180967 0.03957931 0.002112991
vn -0.09175684 -0.03970159 0.002114211
vn -0.09175947 0.03969596 0.002106278
vn 1.191806E-08 -0.09997598 0.002193847

usemtl Grey
f 476/620/623 475/619/623 474/618/623
f 478/623/624 477/622/624 475/621/624
f 476/626/625 478/625/625 475/624/625
f 479/627/626 478/625/626 476/626/626
f 482/630/627 481/629/627 480/628/627
f 483/632/628 479/631/628 476/620/628
f 482/635/629 484/634/629 481/633/629
f 485/638/630 484/637/630 482/636/630
f 486/641/631 482/640/631 480/639/631
f 487/644/632 485/643/632 482/642/632
f 486/647/633 487/646/633 482/645/633
f 490/650/634 489/649/634 488/648/634
f 491/651/635 488/648/635 474/618/635
f 492/654/636 490/653/636 488/652/636
f 491/655/637 492/654/637 488/652/637
f 493/658/638 492/657/638 491/656/638
f 475/621/639 491/656/639 474/659/639
f 494/660/640 493/658/640 491/656/640
f 475/621/641 494/660/641 491/656/641
f 477/622/642 494/660/642 475/621/642
f 496/662/643 483/632/643 495/661/643
f 497/664/644 479/627/644 483/663/644
f 496/665/645 497/664/645 483/663/645
f 498/668/646 497/667/646 496/666/646
f 499/669/647 478/625/647 479/627/647
f 500/671/648 477/670/648 478/625/648
f 499/669/649 500/671/649 478/625/649
f 501/672/650 500/671/650 499/669/650
f 502/673/651 494/660/651 477/622/651
f 503/674/652 493/658/652 494/660/652
f 502/673/653 503/674/653 494/660/653
f 504/675/654 503/674/654 502/673/654
f 505/677/655 492/654/655 493/676/655
f 506/678/656 490/653/656 492/654/656
f 505/677/657 506/678/657 492/654/657
f 507/679/658 506/678/658 505/677/658
f 508/681/659 489/680/659 490/653/659
f 509/682/660 495/661/660 489/649/660
f 508/681/661 509/683/661 489/680/661
f 510/686/662 509/685/662 508/684/662
f 513/685/663 512/684/663 511/686/663
f 514/688/664 498/668/664 512/687/664
f 513/691/665 514/690/665 512/689/665
f 501/672/666 514/690/666 513/691/666
f 515/692/667 513/685/667 511/686/667
f 516/666/668 501/693/668 513/685/668
f 515/692/669 516/666/669 513/685/669
f 504/668/670 516/666/670 515/692/670
f 517/694/671 515/692/671 511/686/671
f 518/695/672 504/668/672 515/692/672
f 517/694/673 518/695/673 515/692/673
f 507/696/674 518/695/674 517/694/674
f 519/697/675 517/694/675 511/686/675
f 520/699/676 507/679/676 517/698/676
f 519/700/677 520/699/677 517/698/677
f 510/686/678 520/697/678 519/701/678
f 512/687/679 519/701/679 511/696/679
f 521/692/680 510/686/680 519/701/680
f 512/687/681 521/692/681 519/701/681
f 498/668/682 521/692/682 512/687/682
f 499/669/683 514/690/683 501/672/683
f 497/664/684 498/702/684 514/690/684
f 499/669/685 497/664/685 514/690/685
f 479/627/686 497/664/686 499/669/686
f 502/667/687 516/666/687 504/668/687
f 500/671/688 501/672/688 516/703/688
f 502/704/689 500/671/689 516/703/689
f 477/622/690 500/705/690 502/673/690
f 505/677/691 518/706/691 507/679/691
f 503/688/692 504/668/692 518/695/692
f 505/677/693 503/707/693 518/706/693
f 493/658/694 503/674/694 505/708/694
f 508/681/695 520/699/695 510/709/695
f 506/678/696 507/679/696 520/699/696
f 508/681/697 506/678/697 520/699/697
f 490/653/698 506/678/698 508/681/698
f 496/666/699 521/692/699 498/668/699
f 509/685/700 510/686/700 521/692/700
f 496/666/701 509/685/701 521/692/701
f 495/710/702 509/685/702 496/666/702
f 523/714/703 483/712/703 476/711/703
f 476/711/703 522/713/703 523/714/703
f 525/718/704 474/716/704 488/715/704
f 488/715/704 524/717/704 525/718/704
f 522/722/705 476/720/705 474/719/705
f 474/719/705 525/721/705 522/722/705
f 527/726/706 489/724/706 495/723/706
f 495/723/706 526/725/706 527/726/706
f 526/730/707 495/728/707 483/727/707
f 483/727/707 523/729/707 526/730/707
f 524/722/708 488/720/708 489/731/708
f 489/731/708 527/732/708 524/722/708
f 529/736/709 523/734/709 522/733/709
f 522/733/709 528/735/709 529/736/709
f 531/740/711 525/738/711 524/737/710
f 524/737/710 530/739/711 531/740/711
f 528/744/713 522/742/712 525/741/712
f 525/741/712 531/743/712 528/744/713
f 533/748/715 527/746/715 526/745/714
f 526/745/714 532/747/715 533/748/715
f 532/752/717 526/750/717 523/749/716
f 523/749/716 529/751/717 532/752/717
f 530/756/718 524/754/718 527/753/718
f 527/753/718 533/755/718 530/756/718
f 484/760/719 529/758/719 528/757/719
f 528/757/719 481/759/719 484/760/719
f 480/764/720 531/762/720 530/761/720
f 530/761/720 486/763/720 480/764/720
f 481/768/721 528/766/721 531/765/721
f 531/765/721 480/767/721 481/768/721
f 487/772/722 533/770/722 532/769/722
f 532/769/722 485/771/722 487/772/722
f 485/776/723 532/774/723 529/773/723
f 529/773/723 484/775/723 485/776/723
f 486/768/724 530/778/724 533/777/724
f 533/777/724 487/779/724 486/768/724

